"Permanent Location Code Number","District / Taluk / Village / Town / Ward","","Total number of House holds","Total Population","Sex            Ratio","Sex Ratio            0-6 age group","Literacy Rates (7+)","Work Participation Rate","Population"
"","","","","","","","","","Scheduled Castes"
"","","Female","","Person","","","Person","Male","Male"
"1","2","17","3","4","7","8","9","12","14"
"","","","","","","","","",""
"20","Bangalore District","41,047","14,60,697","65,37,124","908","943","83.0","58.0","4,35,162"
"","","8,797","1,68,445","7,77,137","913","953","70.2","60.0","98,462"
"","","32,250","12,92,252","57,59,987","907","941","84.7","57.7","3,36,700"
"","","","","","","","","",""
"","Bangalore UA","31,954","12,78,333","57,01,446","908","941","87.7","57.6","3,32,365"
"42008000","Pattanagere (CMC+OG)","773","24,603","1,05,699","881","926","78.7","57.6","6,604"
"42008000","Pattanagere (CMC)","750","22,282","96,385","879","931","78.9","57.3","5,613"
"42008000","Ward No.1","27","731","3,329","961","848","79.5","57.4","554"
"42008000","Ward No.2","70","856","3,449","848","1,056","74.7","62.3","263"
"42008000","Ward No.3","97","484","2,173","877","1,296","70.6","62.4","47"
"42008000","Ward No.4","28","641","2,582","910","1,031","80.7","60.1","39"
"42008000","Ward No.5","18","694","2,725","852","1,172","75.5","60.6","401"
"42008000","Ward No.6","17","892","3,734","855","1,106","78.8","56.5","219"
"42008000","Ward No.7","20","735","3,260","804","992","85.0","50.9","210"
"42008000","Ward No.8","29","688","2,875","846","1,000","83.2","56.9","166"
"42008000","Ward No.9","11","385","1,704","794","1,032","92.3","50.0","86"
"42008000","Ward No.10","10","699","3,012","872","977","78.0","57.2","333"
"42008000","Ward No.11","6","714","2,947","899","901","73.2","58.6","258"
"42008000","Ward No.12","18","810","3,330","877","936","87.4","57.2","93"
"42008000","Ward No.13","7","307","1,387","792","964","85.9","50.4","110"
"42008000","Ward No.16","10","530","2,188","877","839","78.2","60.5","190"
"42008000","Ward No.17","6","307","1,355","917","1,294","86.2","57.1","18"
"42008000","Ward No.18","8","402","1,699","962","1,048","82.5","58.1","45"
"42008000","Ward No.19","0","366","1,440","900","1,000","84.5","61.6","20"
"42008000","Ward No.20","8","374","1,683","1,052","760","84.3","58.5","93"
"42008000","Ward No.21","4","366","1,581","790","650","61.0","60.8","240"
"42008000","Ward No.22","4","565","2,903","679","531","84.1","41.5","350"
"42008000","Ward No.23","13","986","4,309","873","832","83.8","55.0","431"
"42008000","Ward No.24","42","1,502","6,329","958","1,019","88.5","55.4","156"
"42008000","Ward No.25","24","571","2,523","973","1,080","65.0","59.3","312"
"42008000","Ward No.26","21","248","962","928","849","73.3","56.7","30"
"42008000","Ward No.27","25","977","3,917","918","821","63.4","60.0","191"
"42008000","Ward No.28","21","1,692","8,473","875","866","80.4","54.5","61"
"42008000","Ward No.29","133","1,505","6,289","905","967","80.9","59.9","202"
"42008000","Ward No.30","37","1,452","5,916","802","928","82.8","63.7","231"
"42008000","Ward No.31","36","1,803","8,311","915","919","66.9","58.2","264"
"42009000","Bangalore (M Corp.+OG)","22,003","9,49,918","43,13,248","918","942","85.6","57.0","2,44,920"
"42009000","Bangalore (M Corp.)","21,887","9,47,169","43,01,326","918","943","85.6","57.0","2,44,201"
"42009000","Ward No.1","437","6,551","27,637","898","987","86.7","58.3","3,148"
"42009000","Ward No.2","539","8,293","36,125","901","917","85.1","55.2","2,660"
"42009000","Ward No.3","324","10,585","46,677","905","961","87.3","57.8","2,140"
"42009000","Ward No.4","480","12,946","54,704","870","968","89.7","54.9","2,346"
"42009000","Ward No.5","154","8,558","36,287","962","1,016","93.1","54.7","1,083"
"42009000","Ward No.6","120","8,813","38,723","938","939","87.6","57.3","2,393"
"42009000","Ward No.7","128","9,029","37,760","973","895","91.1","54.2","2,147"
"42009000","Ward No.8","124","9,688","40,673","929","940","93.0","57.8","573"
"42009000","Ward No.9","152","9,521","38,905","951","929","92.0","55.8","544"
"42009000","Ward No.10","165","7,955","34,702","892","906","82.6","59.0","2,678"
"42009000","Ward No.11","533","8,497","35,403","846","957","78.5","62.5","2,316"
"42009000","Ward No.12","316","10,645","43,445","885","903","83.2","59.7","2,491"
"42009000","Ward No.13","140","9,265","38,743","881","932","82.5","59.2","531"
"42009000","Ward No.14","175","8,452","36,918","936","917","92.5","54.4","1,326"
"42009000","Ward No.15","131","8,459","37,005","925","957","87.7","56.5","1,145"
"42009000","Ward No.16","300","14,339","61,314","913","943","81.8","58.3","3,811"
"42009000","Ward No.17","135","7,018","29,275","829","987","82.7","62.8","302"
"42009000","Ward No.18","139","5,848","25,742","888","930","87.6","56.6","1,020"
"42009000","Ward No.19","94","5,250","23,228","904","921","90.4","55.4","637"
"42009000","Ward No.20","102","6,709","28,121","880","907","90.7","58.4","329"
"42009000","Ward No.21","343","11,085","47,682","905","987","87.9","57.3","2,613"
"42009000","Ward No.22","158","9,253","41,471","945","925","91.2","55.2","559"
"42009000","Ward No.23","73","8,181","35,465","903","942","88.3","58.7","1,047"
"42009000","Ward No.24","79","7,209","34,595","947","954","84.1","58.5","5,463"
"42009000","Ward No.25","140","7,424","35,411","922","926","80.3","56.4","2,236"
"42009000","Ward No.26","256","7,663","37,507","954","947","77.6","55.9","6,307"
"42009000","Ward No.27","62","6,403","32,809","799","983","83.6","58.3","3,337"
"42009000","Ward No.28","37","5,842","31,851","907","915","90.9","60.5","116"
"42009000","Ward No.29","151","8,357","40,704","917","885","84.7","59.5","1,374"
"42009000","Ward No.30","171","7,626","39,521","908","939","77.9","58.2","9,206"
"42009000","Ward No.31","320","6,040","28,069","954","1,009","83.6","60.9","1,265"
"42009000","Ward No.32","536","9,043","40,047","945","954","75.0","62.0","703"
"42009000","Ward No.33","130","9,170","40,867","897","875","89.3","57.5","832"
"42009000","Ward No.34","218","9,997","44,368","930","966","91.6","53.8","2,457"
"42009000","Ward No.35","318","9,535","40,131","914","943","91.3","57.8","909"
"42009000","Ward No.36","327","13,351","56,340","858","895","86.6","59.3","1,694"
"42009000","Ward No.37","207","5,205","21,896","904","971","84.4","60.8","335"
"42009000","Ward No.38","125","3,683","15,597","906","992","83.6","59.9","450"
"42009000","Ward No.39","230","9,019","40,478","924","940","71.8","58.7","2,270"
"42009000","Ward No.40","111","5,865","25,619","915","919","87.9","55.8","655"
"42009000","Ward No.41","235","12,150","51,746","865","917","84.4","60.4","1,486"
"42009000","Ward No.42","240","8,830","43,223","911","927","78.6","57.1","1,704"
"42009000","Ward No.43","220","11,015","59,933","918","943","68.2","55.1","2,119"
"42009000","Ward No.44","138","7,888","43,892","939","917","79.9","53.1","6,420"
"42009000","Ward No.45","398","8,675","40,821","923","924","80.3","58.4","1,383"
"42009000","Ward No.46","217","8,259","40,725","941","925","84.4","56.2","2,146"
"42009000","Ward No.47","47","6,118","32,938","828","936","88.1","62.0","1,049"
"42009000","Ward No.48","194","8,045","42,919","942","945","70.7","56.4","5,134"
"42009000","Ward No.49","174","9,477","41,075","941","929","89.5","57.3","1,096"
"42009000","Ward No.50","39","6,536","31,893","991","992","91.5","56.2","827"
"42009000","Ward No.51","108","9,700","39,484","951","921","93.1","57.3","506"
"42009000","Ward No.52","141","8,474","35,660","928","961","87.8","59.3","472"
"42009000","Ward No.53","128","14,887","62,163","916","977","90.0","58.0","343"
"42009000","Ward No.54","301","19,842","82,630","912","923","87.3","57.0","1,403"
"42009000","Ward No.55","485","26,810","1,12,407","912","961","85.5","58.6","2,748"
"42009000","Ward No.56","512","19,019","87,307","937","980","78.2","57.7","2,823"
"42009000","Ward No.57","367","14,941","63,906","928","964","88.5","55.5","2,067"
"42009000","Ward No.58","89","9,312","40,430","981","931","92.6","54.1","1,049"
"42009000","Ward No.59","58","7,931","34,613","960","950","91.4","56.7","656"
"42009000","Ward No.60","53","8,280","39,308","945","907","88.7","53.8","2,145"
"42009000","Ward No.61","94","8,024","39,505","935","950","78.8","57.0","2,063"
"42009000","Ward No.62","185","11,115","53,934","953","996","83.6","54.4","3,205"
"42009000","Ward No.63","328","10,630","48,979","884","933","85.6","57.9","3,411"
"42009000","Ward No.64","128","12,613","63,111","918","959","84.2","56.1","2,805"
"42009000","Ward No.65","174","12,244","51,545","865","927","89.4","60.4","1,637"
"42009000","Ward No.66","516","15,375","65,820","841","925","86.7","59.9","3,439"
"42009000","Ward No.67","256","10,244","45,929","912","973","85.1","57.8","3,456"
"42009000","Ward No.68","257","9,710","40,986","912","919","89.6","56.6","2,832"
"42009000","Ward No.69","1,056","10,761","52,079","934","934","81.9","55.8","3,372"
"42009000","Ward No.70","326","7,337","34,682","953","960","85.7","57.2","2,013"
"42009000","Ward No.71","150","7,737","39,790","802","937","91.1","60.9","7,718"
"42009000","Ward No.72","190","10,413","44,357","936","927","89.1","56.2","3,173"
"42009000","Ward No.73","115","10,057","42,288","909","981","88.6","58.5","4,253"
"42009000","Ward No.74","144","9,565","39,820","904","900","88.7","57.6","2,785"
"42009000","Ward No.75","318","8,262","36,035","962","975","92.4","56.2","3,065"
"42009000","Ward No.76","65","7,576","36,465","942","935","92.1","54.1","2,563"
"42009000","Ward No.77","136","6,763","32,451","905","880","87.4","61.8","704"
"42009000","Ward No.78","399","7,270","37,028","1,000","1,005","88.1","55.2","2,338"
"42009000","Ward No.79","240","6,101","34,988","930","902","86.4","56.3","710"
"42009000","Ward No.80","88","6,622","35,681","978","982","86.8","55.8","1,074"
"42009000","Ward No.81","420","7,979","39,669","769","916","91.1","64.2","3,360"
"42009000","Ward No.82","105","7,255","33,359","991","991","90.4","55.6","5,177"
"42009000","Ward No.83","412","12,453","50,256","879","896","87.0","57.7","2,065"
"42009000","Ward No.84","450","7,397","31,985","881","902","79.2","58.3","3,789"
"42009000","Ward No.85","132","7,729","34,943","954","971","84.2","54.6","6,211"
"42009000","Ward No.86","50","8,882","39,586","1,005","916","88.0","51.9","4,368"
"42009000","Ward No.87","208","12,345","56,530","961","984","83.3","54.4","3,946"
"42009000","Ward No.88","114","5,911","26,103","880","991","88.7","56.1","1,373"
"42009000","Ward No.89","151","7,757","32,889","968","929","89.1","55.9","1,532"
"42009000","Ward No.90","81","7,847","43,432","979","922","80.1","52.1","6,821"
"42009000","Ward No.91","73","8,490","42,078","1,019","1,007","90.7","51.2","3,549"
"42009000","Ward No.92","65","8,142","39,663","944","935","88.4","54.9","3,717"
"42009000","Ward No.93","49","9,701","51,578","931","922","65.6","52.5","4,619"
"42009000","Ward No.94","73","11,654","60,896","945","977","81.9","54.3","4,045"
"42009000","Ward No.95","197","16,765","84,461","939","974","80.8","54.2","6,701"
"42009000","Ward No.96","578","16,809","74,126","904","933","82.9","57.0","3,637"
"42009000","Ward No.97","103","8,010","38,042","893","917","90.1","54.5","1,287"
"42009000","Ward No.98","182","11,907","52,546","905","901","89.6","55.7","2,114"
"42009000","Ward No.99","128","7,129","32,560","933","960","88.0","58.6","1,981"
"42009000","Ward No.100","327","12,027","52,263","909","915","87.3","55.0","2,269"
"0001","Bangalore North Taluk","9,116","1,92,937","8,30,061","883","946","79.6","60.1","60,306"
"","","3,672","47,526","2,23,031","929","950","71.9","59.6","25,227"
"","","5,444","1,45,411","6,07,030","867","944","82.4","60.3","35,079"
"02029800","Gopalapura","10","194","887","984","944","70.3","58.2","164"
"02029900","Kukkanahalli","0","146","823","955","1,184","68.1","61.0","163"
"02030000","Shamabhattara Palya","0","51","332","1,049","1,125","65.1","53.7","0"
"02030100","Totagere","0","144","836","1,029","1,035","66.9","64.1","151"
"02030200","Bommasettihalli","0","64","301","1,076","727","64.9","62.1","44"
"02030300","Syadamipalya","0","28","149","1,099","2,167","73.1","66.2","27"
"02030400","Bethanagere","0","190","1,028","911","824","71.9","56.1","94"
"02030500","Rampalya","0","40","219","973","889","67.0","63.1","0"
"02030600","Huskur","0","263","1,273","971","924","77.0","60.5","17"
"02030700","Agrahara Palya","0","32","192","901","750","77.0","56.4","0"
"02030800","Hosahalli Palya","0","79","412","953","958","68.8","52.6","1"
"02030900","Govindapura","0","50","259","904","818","70.3","65.4","99"
"02031000","Honnasandra","0","155","750","875","774","66.2","57.8","131"
"02031100","Huchana Palya","0","42","234","983","786","73.7","71.2","8"
"02031200","Pillahalli","2","183","900","919","672","74.6","60.6","72"
"02031300","Nagarur","4","307","1,485","951","1,294","73.2","61.9","170"
"02031400","Kodipalya","0","38","157","1,066","1,545","51.2","67.1","44"
"02031500","Seshagiri Rao Palya","0","1","5","4,000","0","100.0","100.0","0"
"02031600","Mariyanapalya","0","1","1","0","0","100.0","100.0","0"
"02031700","Mathahalli","71","186","901","1,007","915","67.0","62.1","51"
"02031800","Narasipura","6","106","484","1,034","1,125","70.2","62.6","0"
"02031900","Torenagasandra","4","168","822","894","660","80.5","56.9","132"
"02032000","Muniyanapalya","0","24","116","731","700","84.8","59.7","0"
"02032100","Vaderahalli","11","122","567","955","1,625","69.8","62.8","9"
"02032200","Alur","9","289","1,415","915","706","74.3","58.1","178"
"02032300","Kuduragere","6","291","1,369","934","1,057","65.6","60.2","209"
"02032400","Thammenahalli","0","121","614","937","1,138","69.2","59.3","167"
"02032500","Totadaguddadahalli","3","388","1,703","861","945","72.6","60.4","61"
"02032600","Hanumantha Sagara","0","71","287","1,191","900","75.9","70.2","0"
"02032700","Heggadadevanapura","3","316","1,346","928","1,160","79.4","61.2","205"
"02032800","Makali","1","292","1,222","838","789","79.2","60.6","244"
"02032900","Adakamaranahalli","43","387","1,859","759","778","76.2","49.2","246"
"02033000","Dasanapura","13","562","2,430","894","948","73.5","59.9","185"
"02033100","Gejjagadahalli","3","152","726","946","1,300","73.0","63.0","70"
"02033200","Hullegowdanahalli","3","267","1,322","979","1,000","60.1","63.5","88"
"02033300","Byregowdanahalli","0","102","456","854","917","52.7","68.3","68"
"02033400","Venkatapura","0","45","204","872","864","57.1","61.5","19"
"02033500","Lakkenahalli","8","162","767","937","656","65.5","58.8","53"
"02033600","Kenganahalli","0","87","456","983","1,227","82.6","68.3","39"
"02033700","Shivanapura","5","191","905","1,002","738","65.6","60.4","249"
"02033800","Gowdahalli","3","105","490","984","1,115","67.6","61.1","22"
"02033900","Harokyathanahalli","0","261","1,198","948","1,214","68.7","61.5","114"
"02034000","Narayanappana Palya","0","2","8","1,667","0","80.0","66.7","0"
"02034100","Madanaiyakanahalli","18","1,427","5,913","862","927","83.1","63.1","140"
"02034200","Madavara","13","850","3,544","853","948","81.6","65.9","184"
"02034300","Siddanahosahalli","8","375","1,496","968","1,153","81.9","60.5","43"
"02034400","Dombarahalli","0","167","665","991","976","74.6","66.2","34"
"02034500","Gavipalya","","Un-inhabited","","","","","",""
"02034600","Kadaranahalli","0","66","287","888","750","66.2","65.1","38"
"02034700","Avverahalli","0","96","442","905","929","73.0","65.9","40"
"02034800","Hunnigere","9","117","534","921","1,069","64.1","61.5","53"
"02034900","Sondekoppa","109","745","3,687","922","859","76.9","61.7","424"
"02035000","Nagasandra","9","54","264","872","1,100","48.6","63.8","121"
"02035100","Mallasandra","0","145","722","895","1,023","70.1","64.0","112"
"02035200","Gollarapalya","0","8","46","704","600","78.9","55.6","0"
"02035300","Ravuthanahalli","3","157","822","939","813","71.8","56.6","131"
"02035400","Kammasandra","0","105","556","1,029","2,095","71.7","60.2","11"
"02035500","Lakshmipura","3","318","1,424","986","835","76.3","57.7","269"
"02035600","K.G.Srikantapura","7","30","123","783","700","56.6","59.4","6"
"02035700","Gangondanahalli","137","364","1,602","937","1,052","74.7","59.3","118"
"02035800","K.G. Lakkenahalli","0","141","742","942","800","61.2","56.5","82"
"02035900","Vaddarahalli","0","69","346","966","655","67.1","51.7","26"
"02036000","Bettahalli","0","124","574","979","1,167","67.0","62.1","56"
"02036100","Kittana Halli","54","428","2,142","942","932","62.0","58.4","203"
"02036200","Gattisiddanahalli","0","2","9","800","0","62.5","40.0","0"
"02036300","Giddenahalli","0","82","444","1,114","733","70.9","61.4","0"
"02036400","Kadabagere","3","798","3,465","908","953","87.3","55.9","162"
"02036500","Byandahalli","1","109","505","884","1,130","83.8","62.7","89"
"02036600","Bylakonenahalli","104","67","352","934","577","66.6","58.2","0"
"02036700","Machohalli","30","525","2,465","959","1,133","79.2","56.5","306"
"02036800","Kachohalli","31","493","2,232","967","863","68.5","60.0","384"
"02036900","Chikkabanavara","26","1,134","5,229","981","1,042","80.9","57.2","395"
"02037000","Ganigarahalli","0","124","607","885","900","72.2","63.4","28"
"02037100","Somashetti Halli","0","220","1,010","942","1,044","70.8","53.3","286"
"02037200","Lakshmipura","9","246","1,190","980","1,284","67.8","59.2","260"
"02037300","Abbigere","1","19","75","786","1,333","66.2","59.5","4"
"02037400","Guddahalli","14","262","1,114","1,022","1,156","77.3","57.5","149"
"02037500","Myadarahalli","1","171","730","911","672","70.6","59.2","201"
"02037600","Chikkasandra","14","129","525","996","1,286","85.2","56.3","23"
"02037700","Sidedahalli","0","135","549","777","639","80.2","56.6","24"
"02037800","Thirumalapura","0","10","44","1,316","800","77.1","36.8","2"
"02037900","Doddabidarakallu","19","674","2,866","920","928","80.9","61.0","230"
"02038000","Kariobanahalli","4","112","427","923","1,313","79.3","68.9","12"
"02038100","Handrahalli","469","1,005","4,076","898","1,008","77.4","62.5","177"
"02038200","Lingadeeranahalli","","Un-inhabited","","","","","",""
"02038300","Hosahalli Gollarapalya","79","703","3,045","942","1,100","66.4","59.2","297"
"02038400","Kodigehalli","6","396","1,959","945","1,015","76.0","60.3","282"
"02038500","Seegehalli","0","61","305","943","1,350","71.7","62.4","78"
"02038600","Kannahalli","71","216","1,072","914","708","78.4","62.3","39"
"02038700","Manganahalli","0","131","618","931","1,030","65.3","67.5","48"
"02038800","Ullalu","39","1,588","6,851","936","829","70.9","60.4","823"
"02038900","Gidadakonenahalli","8","349","1,599","897","841","68.1","57.5","121"
"02039000","Sonnenahalli","0","238","1,261","952","778","67.6","59.4","195"
"02039100","Challahalli","0","166","854","1,000","1,019","74.4","56.7","85"
"02039200","Haniyur","0","207","1,009","940","967","66.0","63.3","125"
"02039300","Kakkehalli","0","55","225","844","643","56.4","53.3","11"
"02039400","Nellukunte","0","61","285","979","1,545","67.3","41.0","62"
"02039500","Kadathanamale","30","88","457","1,049","1,370","67.7","60.5","5"
"02039600","Marasandra Amanikere","60","347","1,443","999","827","76.7","57.8","207"
"02039700","Suradenpura","18","280","1,464","942","907","66.3","59.2","417"
"02039800","Adde Vishwanathapura","27","327","1,532","852","703","67.6","59.7","145"
"02039900","Arakere","0","148","666","925","889","67.2","58.7","84"
"02040000","Byrapura","0","98","560","898","1,167","73.7","55.3","40"
"02040100","Channasandra","0","32","145","1,101","1,333","70.2","60.9","44"
"02040200","Kamakshipura","0","111","575","930","1,105","48.7","59.4","101"
"02040300","Seeresandra","0","99","609","984","955","70.2","58.6","172"
"02040400","Byatha","0","181","913","959","1,020","72.7","61.8","155"
"02040500","Kakolu","0","251","1,224","1,040","1,133","74.7","64.5","182"
"02040600","Budumanahalli","0","92","497","897","1,000","58.5","57.3","68"
"02040700","Shanubhoganahalli","0","161","732","942","1,053","67.7","61.0","151"
"02040800","Chokkanahalli","0","62","333","936","1,200","55.3","53.5","14"
"02040900","Sreeramanahalli","3","156","675","923","838","72.7","59.5","106"
"02041000","Sadenahalli","0","251","1,163","916","862","63.9","58.0","175"
"02041100","Adiganahalli","0","234","1,111","946","857","77.8","59.9","74"
"02041200","Rajanukunte","6","427","1,800","919","912","80.3","62.0","72"
"02041300","Ittagallpura","0","78","415","766","481","73.6","60.9","61"
"02041400","Dibburu","0","126","607","891","784","77.1","60.7","57"
"02041500","Koluvarayanahalli","0","72","383","887","857","76.7","55.7","45"
"02041600","Seethakempanahalli","0","126","740","827","750","66.3","68.6","196"
"02041700","Hesaraghatta Grass Farm","0","7","25","786","0","79.2","64.3","10"
"02041800","Dasenahalli","37","277","1,186","980","1,279","72.2","56.4","76"
"02041900","Kalenahalli","0","37","204","838","429","78.3","61.3","2"
"02042000","Mathkur","0","239","1,177","972","831","70.7","57.5","275"
"02042100","Linganahalli","5","116","574","828","465","70.1","57.6","100"
"02042200","Muthagada Halli","0","53","279","938","1,200","65.9","59.7","39"
"02042300","Madappanahalli","15","163","799","1,008","1,100","63.6","70.9","141"
"02042400","Krishnarajapura","0","12","60","500","1,000","66.7","75.0","0"
"02042500","Mylappanahalli","0","163","804","937","800","63.4","60.7","89"
"02042600","Lingarajapura","0","28","125","812","333","58.4","55.1","7"
"02042700","Shivakote","15","359","1,698","963","981","72.5","55.3","120"
"02042800","Ivar Kandapura","17","434","2,048","898","927","80.6","48.2","474"
"02042900","Hesaraghatta","84","1,626","7,186","972","1,142","79.2","59.4","252"
"02043000","Guddadahalli","2","136","567","935","1,609","58.0","58.0","141"
"02043100","Bilijaji","47","162","818","995","1,148","69.8","57.6","63"
"02043200","Kodagi Thirumalapura","2","324","1,615","977","1,036","66.9","59.0","38"
"02043300","Thammarasanahalli","0","70","366","1,022","1,300","72.2","49.7","62"
"02043400","Madhugirihalli","0","55","309","756","722","69.1","62.5","0"
"02043500","Mavallipura","2","152","773","942","1,019","70.7","59.3","108"
"02043600","Bylakere","1","330","1,595","912","968","64.6","59.5","188"
"02043700","Kondashetti Halli","0","65","356","935","952","67.3","59.8","83"
"02043800","Lingarajasagara","","Un-inhabited","","","","","",""
"02043900","Kasagattapura","4","437","2,161","884","769","72.9","51.3","2"
"02044000","Hurali Chikkanahalli","12","323","1,451","914","752","79.4","52.9","113"
"02044100","Tharabana Halli","65","260","1,151","964","1,302","72.6","60.9","89"
"02044200","Sasiveghatta","0","117","555","961","1,080","71.4","65.7","24"
"02044300","Soladevanahalli","1","252","1,179","952","1,015","84.1","56.5","274"
"02044400","Kumbarahalli","0","260","1,260","997","1,014","76.7","50.6","185"
"02044500","Kempapura","0","94","466","902","682","75.3","47.3","51"
"02044600","Kalathammanahalli","0","93","468","895","897","68.8","58.3","111"
"02044700","Guniagrahara","0","200","913","914","1,175","72.7","61.6","161"
"02044800","Tarahunase","0","330","1,714","968","797","64.5","62.1","243"
"02044900","Kuduragere","42","156","737","981","964","67.8","63.4","110"
"02045000","Gadenahalli","10","97","479","774","667","63.1","58.5","33"
"02045100","Tharabanahalli","3","182","864","1,000","942","71.0","59.0","164"
"02045200","Navarathna Agrahara","183","176","941","1,019","1,083","56.9","58.4","179"
"02045300","Meenakunte","2","345","1,434","732","990","72.4","68.1","221"
"02045400","Channahalli","489","186","977","1,092","958","41.8","59.7","20"
"02045500","Byanahalli","149","78","378","890","1,105","40.2","52.0","4"
"02045600","Papanahalli","0","4","17","1,429","0","47.1","85.7","1"
"02045700","Thimmasandra","0","138","758","900","968","62.4","62.4","130"
"02045800","Nellukunte","0","39","399","489","1,143","94.0","13.4","14"
"02045900","Bettahalasur","3","630","2,693","1,029","1,142","74.3","58.3","170"
"02046000","Chokkanahalli","5","46","179","884","1,091","14.1","58.9","49"
"02046100","Chikkajala","38","571","2,432","955","1,071","72.1","60.9","462"
"02046200","Maranayakana Halli","0","76","331","959","1,000","57.0","62.7","98"
"02046300","Doddajala","53","263","1,362","968","1,032","71.7","63.4","171"
"02046400","Settigere","8","199","879","1,039","1,054","48.7","63.6","193"
"02046500","Muthugada Halli","0","57","299","846","632","79.9","60.5","4"
"02046600","Begur","3","72","349","897","600","75.4","58.2","1"
"02046700","Mylanahalli","115","387","1,927","948","967","66.1","61.1","230"
"02046800","Chikkanahalli","28","49","226","1,055","1,125","52.6","60.0","51"
"02046900","Boilahalli","27","115","544","985","904","48.3","60.9","59"
"02047000","Doddajala Amanikere","","Un-inhabited","","","","","",""
"02047100","Meesaganahalli","0","65","368","840","1,000","73.5","69.5","6"
"02047200","Huttanahalli","18","529","2,455","893","814","74.3","63.1","340"
"02047300","Hosahalli","17","246","1,217","908","1,131","72.9","63.9","65"
"02047400","Bilmaranahalli","123","85","437","1,101","1,083","61.9","59.6","47"
"02047500","Sonnappanahalli","73","655","3,028","887","961","64.2","61.8","569"
"02047600","Kattigenahalli","94","1,064","4,628","912","915","76.8","55.3","363"
"02047700","Sathnur","1","237","1,221","932","918","77.0","61.6","120"
"02047800","Byappanahalli","0","106","586","966","765","58.3","64.8","180"
"02047900","Chagalahatti","3","135","640","1,000","917","73.2","57.8","12"
"02048000","Bagalur","7","1,378","7,519","952","1,044","70.4","58.0","627"
"02048100","Huvinayakanahalli","0","122","626","1,052","1,273","68.4","59.7","85"
"02048200","Bandi Kodige Halli","0","245","1,129","940","624","64.4","57.0","205"
"02048300","Bandikodegehalli Amanikere","","Un-inhabited","","","","","",""
"02048400","Bandi Kodigehalli Palya","110","94","470","926","1,393","53.6","63.1","37"
"02048500","Hunachur","23","119","628","897","755","61.3","56.8","135"
"02048600","Dummanur","0","1","1","0","0","100.0","100.0","0"
"02048700","Singahalli","0","135","737","904","1,290","72.7","61.2","86"
"02048800","Gollahalli","0","16","85","889","714","65.8","60.0","30"
"02048900","Arebinnamangala","0","130","667","853","717","69.4","61.1","153"
"02049000","Mahadevakodigehalli","0","225","1,299","840","914","68.4","57.5","109"
"02049100","Manchappanahosahalli","2","229","1,243","915","929","64.3","65.9","286"
"02049200","Maralakunte","0","179","965","856","803","68.5","61.9","189"
"02049300","Dasanayakanahalli","0","57","274","1,030","875","61.6","57.0","49"
"02049400","Marenahalli","0","474","2,254","912","854","62.6","61.8","331"
"02049500","Marasandra","0","147","846","1,024","890","57.8","59.3","194"
"02049600","Challamakunte","0","1","3","500","0","33.3","50.0","2"
"02049700","Honnenahalli","0","131","657","944","1,091","64.2","58.9","55"
"02049800","Singanayakanahalli Amanikere","","Un-inhabited","","","","","",""
"02049900","Nagadasanahalli","0","93","510","1,008","1,458","76.9","59.8","96"
"02050000","Lakshmisagara","","Un-inhabited","","","","","",""
"02050100","Muddanahalli","0","35","224","867","619","62.1","55.0","35"
"02050200","Singanayakanahalli","7","357","1,644","901","936","70.8","59.2","174"
"02050300","Krishnasagara","","Un-inhabited","","","","","",""
"02050400","Avalahalli","3","202","911","985","1,292","76.9","60.1","144"
"02050500","Gantiganahalli","6","162","846","905","717","62.8","56.5","128"
"02050600","Govindapura","2","3","12","1,000","0","75.0","100.0","0"
"02050700","Harohalli","10","345","1,578","939","981","75.4","56.4","245"
"02050800","Ramagondanahalli","3","279","1,358","915","843","68.5","59.4","224"
"02050900","Jarakbandekaval","0","13","74","897","500","58.5","56.4","12"
"02051000","Shamarajpura","0","1","4","333","0","100.0","33.3","0"
"02051100","Medi  Agrahara","2","62","378","909","724","85.1","49.0","0"
"02051200","Vaderahalli","9","254","1,228","907","947","63.0","55.0","185"
"02051300","Veerasagara","0","124","591","847","700","75.5","56.3","131"
"02051400","Kempanahalli","3","42","209","917","1,000","78.5","64.2","0"
"02051500","Ananthapura","25","404","1,593","872","979","80.3","64.3","166"
"02051600","Kenchenahalli","4","168","803","855","948","73.3","65.8","185"
"02051700","Manchenahalli","0","5","22","1,200","0","76.2","80.0","3"
"02051800","Vasudevapura","0","5","31","550","600","69.6","65.0","0"
"02051900","Srinivasapura","1","119","529","805","732","36.8","60.8","19"
"02052000","Bellahalli","0","109","666","925","548","40.0","53.5","49"
"02052100","Thirumenahalli","8","60","286","788","760","58.7","68.1","28"
"02052200","Chokkanahalli","0","113","582","883","736","66.3","62.5","89"
"42001000","Dasarahalli (CMC+OG)","2,170","74,704","2,93,359","844","950","82.6","63.1","13,520"
"42001000","Dasarahalli (CMC)","1,971","67,758","2,64,940","841","948","82.8","63.4","11,254"
"42001000","Ward No.1","17","1,025","4,551","977","1,130","74.6","59.2","1,132"
"42001000","Ward No.2","55","1,214","5,100","803","785","88.5","56.6","265"
"42001000","Ward No.3","49","1,441","5,951","886","945","87.3","61.3","425"
"42001000","Ward No.4","48","1,564","6,371","922","914","74.3","59.4","844"
"42001000","Ward No.5","24","1,691","6,454","852","908","89.4","60.7","121"
"42001000","Ward No.6","77","2,542","9,787","900","978","83.3","62.8","488"
"42001000","Ward No.7","113","2,216","9,059","852","937","86.4","56.3","298"
"42001000","Ward No.8","138","2,958","11,396","891","974","83.8","60.8","443"
"42001000","Ward No.9","25","1,833","7,042","821","950","93.1","60.7","78"
"42001000","Ward No.10","22","1,287","4,835","767","854","93.9","62.5","62"
"42001000","Ward No.11","3","1,009","3,632","863","1,045","95.4","60.8","16"
"42001000","Ward No.12","17","998","3,804","852","1,016","91.9","61.1","83"
"42001000","Ward No.13","5","1,473","5,924","809","840","88.6","61.9","516"
"42001000","Ward No.14","8","1,052","4,110","832","1,018","92.8","59.0","35"
"42001000","Ward No.15","11","842","3,253","816","1,055","90.8","60.7","53"
"42001000","Ward No.16","19","1,215","4,742","772","815","92.0","62.0","21"
"42001000","Ward No.17","16","1,057","4,092","778","1,033","86.9","65.7","115"
"42001000","Ward No.18","53","1,609","6,153","846","869","87.7","62.4","254"
"42001000","Ward No.19","41","1,753","6,696","805","986","77.6","67.3","455"
"42001000","Ward No.20","18","1,625","5,843","758","875","86.6","66.8","242"
"42001000","Ward No.21","10","625","2,317","765","957","81.8","68.8","166"
"42001000","Ward No.22","26","1,957","7,248","755","960","85.1","69.9","155"
"42001000","Ward No.23","32","1,829","6,926","724","959","85.3","72.5","219"
"42001000","Ward No.24","50","2,399","9,180","793","921","83.6","67.2","182"
"42001000","Ward No.25","50","1,861","7,277","834","981","88.5","65.3","103"
"42001000","Ward No.26","149","3,488","14,409","933","983","75.9","61.9","886"
"42001000","Ward No.27","158","1,930","7,585","845","983","75.2","67.3","352"
"42001000","Ward No.28","77","1,919","7,528","821","945","80.7","67.0","617"
"42001000","Ward No.29","89","1,918","7,236","871","1,154","76.8","68.6","386"
"42001000","Ward No.30","115","3,606","13,974","858","877","80.9","63.9","543"
"42001000","Ward No.31","92","2,947","11,692","913","921","75.4","61.5","177"
"42001000","Ward No.32","74","2,906","11,777","799","1,018","77.3","60.4","325"
"42001000","Ward No.33","47","1,205","4,984","816","944","84.2","60.8","80"
"42001000","Ward No.34","164","5,157","19,969","841","958","81.8","64.9","363"
"42001000","Ward No.35","79","3,607","14,043","845","897","73.5","65.6","754"
"42001000","Handrahalli (OG) (Part)  - Ward No.36","4","197","778","902","981","76.2","63.6","11"
"42001000","Kariobanahalli (OG) (Part)  - Ward No.37","4","1,310","5,070","869","953","71.2","66.9","626"
"42001000","Doddabidarakallu (OG) (Part)  - Ward No.38","34","761","3,177","889","1,066","84.3","61.7","211"
"42001000","Chikkabidarakallu  (OG) - Ward No.39","43","1,252","5,081","855","926","89.4","56.8","98"
"42001000","Srikantapura Anchepalya (OG) - Ward No.40","14","791","3,285","884","884","82.3","59.6","171"
"42001000","Sidedahalli (OG) (Part)  - Ward No.41","2","83","323","889","1,450","81.0","56.1","1"
"42001000","Chikkasandra (OG) (Part)  - Ward No.42","25","911","3,779","877","1,004","81.8","55.4","214"
"42001000","Shettihalli (OG) - Ward No.43","34","735","3,127","859","927","82.3","61.7","451"
"42001000","Abbigere (OG) (Part)  - Ward No.44","39","906","3,799","897","1,000","78.5","59.4","483"
"42002000","Yelahanka (CMC+OG)","882","21,518","94,234","864","931","83.3","59.8","5,583"
"42002000","Yelahanka (CMC)","878","21,032","90,827","889","935","82.9","59.2","5,543"
"42002000","Ward No.1","24","839","3,620","810","833","66.7","71.5","68"
"42002000","Ward No.2","13","732","3,384","843","917","75.8","64.5","30"
"42002000","Ward No.3","11","468","2,293","933","1,260","73.2","61.8","160"
"42002000","Ward No.4","0","335","1,605","873","891","78.5","61.6","25"
"42002000","Ward No.5","27","435","1,993","962","874","85.3","61.1","27"
"42002000","Ward No.6","0","255","1,256","956","1,122","70.1","52.3","314"
"42002000","Ward No.7","10","267","1,279","900","1,072","87.1","59.6","23"
"42002000","Ward No.8","17","415","1,774","945","872","85.2","57.3","31"
"42002000","Ward No.9","24","365","1,618","985","1,064","83.1","60.2","47"
"42002000","Ward No.10","28","714","3,000","875","1,051","82.7","60.9","78"
"42002000","Ward No.11","16","395","1,764","982","1,018","80.8","56.3","13"
"42002000","Ward No.12","19","551","2,310","863","809","82.3","56.5","372"
"42002000","Ward No.13","48","540","2,231","985","802","96.1","50.2","134"
"42002000","Ward No.14","10","434","1,973","901","803","88.9","58.7","68"
"42002000","Ward No.15","44","751","3,235","912","909","68.7","61.0","705"
"42002000","Ward No.16","44","1,100","4,452","834","919","86.3","59.7","139"
"42002000","Ward No.17","29","547","2,481","929","1,018","67.5","59.0","216"
"42002000","Ward No.18","13","808","3,776","899","695","67.5","58.0","484"
"42002000","Ward No.19","18","1,481","6,566","955","1,059","74.7","63.8","337"
"42002000","Ward No.20","48","1,074","5,214","595","913","92.1","71.7","459"
"42002000","Ward No.21","91","1,506","6,153","958","1,080","83.4","57.7","465"
"42002000","Ward No.22","53","143","593","865","1,024","81.1","55.3","52"
"42002000","Ward No.23","67","699","2,913","903","811","89.1","54.5","56"
"42002000","Ward No.24","31","1,034","4,248","898","918","86.7","56.2","223"
"42002000","Ward No.25","35","1,344","5,643","945","1,019","88.4","54.3","442"
"42002000","Ward No.26","13","432","1,839","896","860","96.7","47.3","42"
"42002000","Ward No.27","13","331","1,353","975","1,085","97.2","49.8","83"
"42002000","Ward No.28","2","318","1,329","949","1,034","96.4","50.7","25"
"42002000","Ward No.29","66","1,758","7,082","894","896","90.3","55.6","258"
"42002000","Ward No.30","47","548","2,150","894","784","90.6","52.6","96"
"42002000","Ward No.31","17","413","1,700","930","806","83.8","54.7","71"
"42002000","Vaderapura (OG) - Ward No.32","4","336","2,679","287","819","97.1","73.5","22"
"42002000","Suggatta  (OG) - Ward No.33","0","150","728","876","667","78.9","64.4","18"
"42003000","Kadigenahalli (CT)","100","1,206","5,474","952","1,009","55.5","62.1","1,807"
"42003000","Ward No.1","100","1,206","5,474","952","1,009","55.5","62.1","1,807"
"42004000","Hunasamaranahalli (CT)","78","1,868","7,380","803","771","85.9","57.4","518"
"42004000","Ward No.1","78","1,868","7,380","803","771","85.9","57.4","518"
"42005000","Byatarayanapura (CMC+OG) (Part)","1,962","41,695","1,88,514","902","946","82.3","56.3","12,713"
"42005000","Byatarayanapura (CMC)","1,924","40,255","1,81,744","903","949","82.6","56.3","12,249"
"42005000","Ward No.1","259","1,992","9,083","790","860","86.0","60.5","417"
"42005000","Ward No.2","106","1,219","5,325","905","914","69.9","58.8","1,187"
"42005000","Ward No.3","21","972","4,815","942","983","67.3","53.4","38"
"42005000","Ward No.4","43","1,829","7,601","969","947","91.4","52.9","290"
"42005000","Ward No.5","18","1,128","4,873","911","1,100","86.5","56.7","133"
"42005000","Ward No.6","28","1,169","4,834","882","912","89.3","56.2","309"
"42005000","Ward No.7","54","744","3,256","1,001","870","93.7","62.1","336"
"42005000","Ward No.8","48","1,382","6,416","927","944","87.3","53.9","1,022"
"42005000","Ward No.9","62","902","4,069","914","890","84.1","52.4","659"
"42005000","Ward No.10","37","1,679","6,887","891","1,017","93.8","59.8","138"
"42005000","Ward No.11","4","765","3,030","915","949","98.4","49.7","14"
"42005000","Ward No.12","153","1,408","6,505","779","957","87.4","50.1","520"
"42005000","Ward No.13","174","1,467","6,107","888","852","88.5","58.9","181"
"42005000","Ward No.14","45","1,099","4,505","852","766","83.8","56.7","288"
"42005000","Ward No.15","118","2,957","12,406","888","983","85.1","56.5","1,035"
"42005000","Ward No.16","178","1,278","5,295","897","989","83.5","58.7","424"
"42005000","Ward No.17","173","1,995","8,239","870","1,006","80.6","60.9","193"
"42005000","Ward No.18","45","1,430","5,837","849","906","80.5","60.4","117"
"42005000","Ward No.19","51","2,090","8,843","876","959","81.8","59.9","316"
"42005000","Ward No.20","25","1,154","5,592","924","924","74.2","57.5","590"
"42005000","Ward No.21","107","1,038","4,386","929","957","78.0","56.9","477"
"42005000","Ward No.22","9","759","3,561","912","844","66.8","56.4","365"
"42005000","Ward No.23","6","1,016","5,333","959","991","77.7","53.6","283"
"42005000","Ward No.24","22","856","4,136","923","992","84.7","54.8","353"
"42005000","Ward No.25","13","1,331","7,611","943","1,107","76.9","54.0","99"
"42005000","Ward No.26","11","1,204","7,062","966","905","81.9","53.6","73"
"42005000","Ward No.27","50","1,330","6,481","938","859","73.6","53.3","599"
"42005000","Ward No.28","3","342","1,833","950","987","76.3","49.7","337"
"42005000","Ward No.29","11","961","4,516","918","993","84.1","53.4","327"
"42005000","Ward No.30","2","879","3,973","951","962","79.5","57.1","545"
"42005000","Ward No.31","48","1,880","9,334","941","994","79.6","56.3","584"
"42005000","Chikkabettahalli  (OG) - Ward No.34","22","877","4,020","872","843","78.9","51.4","143"
"42005000","Doddabettahalli  (OG) - Ward No.35","16","563","2,750","875","979","61.3","59.2","321"
"42006000","Herohalli (CT)","252","4,420","18,069","887","947","82.5","58.9","938"
"42006000","Ward No.1","252","4,420","18,069","887","947","82.5","58.9","938"
"0002","Bangalore South Taluk","6,724","2,30,859","10,09,924","896","941","78.5","59.1","84,532"
"","","2,764","67,474","3,12,946","915","958","70.7","59.6","35,797"
"","","3,960","1,63,385","6,96,978","888","934","82.0","58.9","48,735"
"02052300","Tavakadahalli","","Un-inhabited","","","","","",""
"02052400","Naganahalli","0","65","369","963","1,476","73.8","70.2","6"
"02052500","Jogerahalli","2","89","410","934","1,238","73.3","56.6","0"
"02052600","Gangenahalli","0","133","672","909","1,000","62.8","61.4","41"
"02052700","Varthur Narasimhapura","","Un-inhabited","","","","","",""
"02052800","Varthur","3","167","921","947","813","79.2","59.4","162"
"02052900","Honniganahatti","11","296","1,400","889","969","68.8","59.6","90"
"02053000","Channenahalli","2","434","1,945","881","885","70.0","57.8","32"
"02053100","Kurubarahalli","1","200","955","899","986","70.7","55.5","82"
"02053200","Bychaguppe","0","117","566","958","1,074","64.3","55.7","127"
"02053300","Devamachahalli Narayanapura","0","8","43","955","667","84.2","45.5","0"
"02053400","Devamachohalli","0","113","528","970","1,500","87.3","58.2","45"
"02053500","Marenahalli","0","40","187","948","1,200","73.3","59.4","30"
"02053600","Gangappanahalli","0","35","207","935","692","69.7","68.2","0"
"02053700","Thippagondanahalli","10","128","595","859","892","86.7","45.3","83"
"02053800","Kempagondanahalli","99","135","652","912","839","63.6","57.2","26"
"02053900","Madapatna","29","191","888","918","742","53.5","56.2","38"
"02054000","Cholanaikanahalli","35","292","1,474","880","816","69.6","62.2","96"
"02054100","Ganukal","0","62","339","873","1,158","59.1","59.7","33"
"02054200","Peddanapalya","0","61","302","864","440","66.5","62.3","0"
"02054300","Tavarekere","7","1,025","4,639","933","1,007","83.5","59.9","274"
"02054400","Yalachaguppe Ramapura","0","5","21","750","0","57.9","41.7","0"
"02054500","Yelachaguppe","0","201","1,024","907","708","78.6","64.4","110"
"02054600","Puradapalya","0","41","185","968","692","61.3","66.0","21"
"02054700","Doddamaranahalli","0","120","653","921","955","53.8","65.0","39"
"02054800","Ajjanahalli","2","319","1,612","954","1,132","59.2","60.6","236"
"02054900","Huluvenahalli","17","157","789","992","952","60.0","66.2","57"
"02055000","Sulivara","2","279","1,386","843","897","65.0","65.4","93"
"02055100","Sulivara Ramapura","0","3","12","500","500","44.4","62.5","0"
"02055200","Chikkanahalli","3","236","1,116","996","913","66.4","63.0","275"
"02055300","Vadahalli","18","9","36","1,118","1,000","84.6","58.8","0"
"02055400","Kurubarapalya","0","36","156","1,026","333","79.9","70.1","16"
"02055500","Donnenahalli","0","86","438","872","735","57.3","60.7","43"
"02055600","Byalalu","0","189","950","1,026","1,536","62.0","61.2","124"
"02055700","Chunchanakuppe","1","318","1,620","988","1,000","75.2","61.2","364"
"02055800","Ganapathihalli","5","203","957","1,002","967","69.6","60.0","124"
"02055900","Karigiripura","","Un-inhabited","","","","","",""
"02056000","Muddaiahnapalya","0","87","400","835","1,087","59.9","67.0","6"
"02056100","Punagumaranahalli","0","59","290","908","833","77.4","67.1","29"
"02056200","Kethohalli","0","169","792","941","1,316","73.9","63.5","100"
"02056300","Kethohalli Narasimhapura","0","3","14","1,333","1,000","75.0","66.7","0"
"02056400","Kethohalli Ramapura","0","16","77","925","500","58.8","65.0","18"
"02056500","Kolur Gururayanapura","0","16","50","923","800","26.8","69.2","8"
"02056600","Dodderi","3","283","1,517","970","1,074","60.9","61.2","220"
"02056700","Kolur Nanjundapura","0","7","44","913","2,000","73.7","60.9","0"
"02056800","Kolur","0","310","1,459","958","1,011","61.6","62.0","218"
"02056900","Seshagiripura","0","36","163","1,038","538","60.1","63.8","12"
"02057000","Chikkellur","0","221","1,040","948","1,101","50.4","61.6","403"
"02057100","Chikkellur Venkatapura","","Un-inhabited","","","","","",""
"02057200","Chikkellur Ramapura","","Un-inhabited","","","","","",""
"02057300","M.Krishnasagara","0","33","178","935","1,000","68.6","56.5","15"
"02057400","Kenchanapura","1","152","744","984","1,469","71.4","65.3","95"
"02057500","Sonnenahalli","10","204","900","944","836","64.8","56.6","35"
"02057600","Ramasandra","0","439","2,248","951","1,000","73.9","57.4","133"
"02057700","Kommaghatta","179","272","1,363","973","1,043","74.1","59.8","192"
"02057800","Sulikere","2","177","861","884","915","67.2","65.9","133"
"02057900","Maragondanahalli","0","182","933","896","935","64.3","61.0","130"
"02058000","Bheemanakuppe- Ramasagara","","Un-inhabited","","","","","",""
"02058100","Maligondanahalli","4","177","852","919","1,035","70.5","61.9","274"
"02058200","Ramohalli","3","503","2,303","1,113","910","69.2","56.4","279"
"02058300","Bheemanakuppe","60","442","2,228","832","936","73.1","53.2","44"
"02058400","Kommaghatta - Krishnasagara","0","18","92","804","375","60.5","52.9","0"
"02058500","Chalaghatta","2","156","682","977","1,233","75.9","65.8","24"
"02058600","Kumbalagodu","146","1,162","4,560","862","870","80.2","62.6","133"
"02058700","Kaniminike","17","298","1,257","952","927","65.4","59.9","74"
"02058800","Thagachaguppe","5","291","1,313","925","915","67.8","59.8","143"
"02058900","Kambipura","6","522","2,783","801","1,029","81.7","53.1","134"
"02059000","Venkatapura","0","15","39","696","0","54.1","69.6","4"
"02059100","Doddabele","0","209","1,006","961","1,000","69.4","61.8","129"
"02059200","Hemmigepura","0","312","1,658","912","974","58.8","59.3","137"
"02059300","Ganakal","16","556","2,490","987","1,107","66.6","56.8","114"
"02059400","Somapura","0","82","454","861","1,000","77.9","64.8","23"
"02059500","Varahasandra","17","89","479","955","875","66.6","65.7","133"
"02059600","Kengeri Gollahalli","4","199","873","966","841","61.1","61.5","5"
"02059700","Gudimavu","0","40","196","719","261","70.7","59.6","20"
"02059800","Kumbalagodu Gollahalli","5","397","1,978","907","789","66.6","54.6","201"
"02059900","Krishnarajapura","","Un-inhabited","","","","","",""
"02060000","Hampapura","0","124","618","913","1,026","76.5","57.9","51"
"02060100","Thippur","4","117","640","963","1,256","54.2","67.2","46"
"02060200","Gonipura","0","176","892","939","949","70.8","65.9","76"
"02060300","Vasanthanahalli","0","3","11","833","0","81.8","66.7","0"
"02060400","Gangasandra","0","111","619","848","889","72.4","67.2","85"
"02060500","Devagere","2","210","1,179","781","1,228","79.8","56.8","156"
"02060600","Lingadheeranahalli","60","131","626","863","906","65.1","64.0","1"
"02060700","Rachanamadu","64","80","415","976","913","76.3","63.3","88"
"02060800","Badamanavarthekaval","29","430","2,060","904","844","60.5","57.9","480"
"02060900","Chinnakurchi","0","154","796","1,000","1,148","68.8","66.3","61"
"02061000","Seegehalli","0","32","174","673","857","59.6","52.9","0"
"02061100","Agara","4","781","3,612","925","867","69.8","57.9","544"
"02061200","Thurahalli","15","187","838","918","1,016","53.4","58.4","77"
"02061300","Vasanthapura","65","565","2,516","935","974","51.5","59.9","513"
"02061400","Gabbalalu","13","523","2,147","903","1,055","71.3","63.1","264"
"02061500","Hosahalli","0","285","1,242","911","1,060","69.6","58.6","172"
"02061600","Thalaghattapura","8","833","3,607","924","916","73.5","58.4","247"
"02061700","Vajarahalli","10","516","2,200","876","925","79.0","60.0","189"
"02061800","Raghuvanahalli","3","126","627","713","1,261","82.3","50.5","59"
"02061900","Doddakallasandra","23","895","3,509","809","768","81.0","65.3","158"
"02062000","Raghuvanapalya","0","44","171","966","917","65.5","48.3","34"
"02062100","Pillaganahalli","88","679","2,772","986","877","58.0","64.0","217"
"02062200","Kembathahalli","7","245","1,123","977","857","72.8","58.3","173"
"02062300","Gollahalli","16","623","2,653","910","1,066","57.3","60.7","422"
"02062400","Alahalli","35","1,364","7,137","988","1,117","64.8","52.2","176"
"02062500","Thippasandra","1","111","487","1,021","1,262","61.5","56.0","165"
"02062600","Mallasandra","3","8","38","1,111","1,000","43.8","66.7","5"
"02062700","Anjanapura","19","529","2,217","928","1,152","73.7","65.2","157"
"02062800","Uttarahalli -Manavarthekaval","4","87","355","1,191","1,929","80.3","61.7","48"
"02062900","O.B.Chudahalli","7","196","906","1,000","1,306","66.6","57.8","211"
"02063000","Kaggalipura","143","1,532","6,907","939","933","68.3","58.6","779"
"02063100","Uttari","47","214","1,038","837","894","66.8","65.3","23"
"02063200","Naganayakanahalli","256","101","576","933","917","71.9","55.4","0"
"02063300","Nelaguli","25","187","956","1,034","958","53.5","52.8","193"
"02063400","K.  Chudahalli","94","184","998","934","1,061","55.7","58.5","68"
"02063500","Tharalu","5","303","1,259","992","1,185","67.0","61.6","273"
"02063600","Gulakamale","0","394","1,835","1,034","1,000","71.5","60.8","492"
"02063700","Alakabelalu","0","4","17","1,125","0","76.5","62.5","0"
"02063800","Somanahalli","13","747","3,455","963","995","76.4","64.6","244"
"02063900","Nettigere","88","268","1,340","923","770","68.1","58.2","76"
"02064000","Ravugodlu","0","217","983","890","736","66.9","59.0","149"
"02064100","Sunkadakatte","0","29","125","984","833","55.3","71.4","7"
"02064200","Thattaguppe","0","453","2,028","954","1,014","72.8","57.5","2"
"02064300","Vaddarapalya","29","333","1,537","1,007","1,037","50.5","64.4","263"
"02064400","Chandrasekarapura","0","40","178","816","824","43.5","56.1","0"
"02064500","Yelenahalli","0","99","441","951","1,161","70.6","56.6","82"
"02064600","Begur","0","177","878","1,076","1,092","73.9","57.0","20"
"02064700","Basapura","0","133","604","987","1,229","61.0","66.4","93"
"02064800","Parappana Agrahara","1","61","482","236","1,000","74.9","51.8","25"
"02064900","Naganathapura","0","122","465","816","1,200","78.9","66.4","18"
"02065000","Doddanagamangala","0","286","1,360","977","1,191","68.1","64.5","352"
"02065100","Beratena Agrahara","","Un-inhabited","","","","","",""
"02065200","Chikkathoguru","1","119","444","688","541","78.8","70.7","4"
"02065300","Vittasandra","0","209","960","853","837","55.4","62.7","321"
"02065400","Mylasandra","20","488","2,129","911","917","55.3","61.7","328"
"02065500","Kammanahalli","23","728","3,140","966","944","59.1","59.0","262"
"02065600","Basavanapura","7","495","1,968","878","1,029","81.2","66.3","70"
"02065700","Hommadevanahalli","6","290","1,259","937","809","70.2","61.5","254"
"02065800","Bettadasanapura","22","292","1,391","967","1,093","57.3","58.0","146"
"02065900","Doddathoguru","6","995","4,087","775","1,016","77.5","68.2","316"
"02066000","Konappana Agrahara","94","2,918","11,038","658","922","80.8","75.1","464"
"02066100","Mittaganahalli","4","154","679","934","800","55.0","65.8","185"
"02066200","Kadusonnappanahalli","3","238","1,347","969","1,029","61.2","57.5","93"
"02066300","Doddenahalli","","Un-inhabited","","","","","",""
"02066400","Yerappanahalli","0","187","1,066","945","1,028","63.0","58.9","225"
"02066500","Chikkasandra","0","6","13","857","0","83.3","71.4","0"
"02066600","Gundur","0","217","1,199","934","695","68.4","57.1","156"
"02066700","Kada Agrahara","6","162","715","970","807","43.0","51.5","250"
"02066800","Bandebommasandra","0","140","746","1,033","1,102","69.7","62.1","175"
"02066900","Anagalapura","0","72","328","964","750","53.8","66.5","110"
"02067000","Nadagowdagollahalli","3","119","596","916","1,053","56.0","57.2","133"
"02067100","Chikkagubbi","0","58","312","1,000","1,750","65.9","55.1","47"
"02067200","Kannur","24","720","3,454","937","882","48.1","60.3","639"
"02067300","Byrathi","15","661","3,100","920","801","71.6","56.2","410"
"02067400","Doddagubbi","3","403","1,861","901","992","74.1","55.4","300"
"02067500","Bilishivale","33","330","1,648","976","1,073","66.6","55.8","229"
"02067600","Vaderahalli","","Un-inhabited","","","","","",""
"02067700","Rampura","1","339","1,879","937","892","67.7","59.4","177"
"02067800","Adur","0","138","770","915","878","69.0","49.5","184"
"02067900","Huvinane","","Un-inhabited","","","","","",""
"02068000","Varanasi","0","135","632","951","723","76.6","60.8","36"
"02068100","Maragondanahalli","0","152","846","918","840","76.8","54.0","85"
"02068200","Halehalli","0","98","491","996","1,265","43.5","61.4","158"
"02068300","Kithiganur","10","405","2,035","993","1,008","79.7","61.7","417"
"02068400","Hirandahalli","2","428","2,271","963","910","68.5","55.0","297"
"02068500","Bidarahalli","9","306","1,419","963","876","77.9","54.4","118"
"02068600","Byappanahalli","0","206","1,058","876","744","68.8","60.5","115"
"02068700","Kammasandra","0","57","245","960","947","52.9","59.2","37"
"02068800","Vanajanahalli","","Un-inhabited","","","","","",""
"02068900","Kattugollahalli","137","143","841","1,046","1,339","46.9","59.6","141"
"02069000","Shringaripura","0","6","48","500","2,000","85.7","87.5","4"
"02069100","Jothipura","0","195","979","920","797","69.0","59.8","138"
"02069200","Thirumenahalli","2","89","452","899","958","73.1","58.8","82"
"02069300","Hancharahalli","6","182","992","930","833","67.9","56.4","108"
"02069400","Raghuvanahalli","0","29","141","1,074","1,778","57.8","63.2","41"
"02069500","Kodigehalli","0","20","101","942","1,000","43.8","76.9","52"
"02069600","Mandur","2","296","1,455","856","1,042","68.8","60.1","148"
"02069700","Bendiganahalli","0","38","225","844","500","88.2","66.4","1"
"02069800","Lagumenahalli","0","40","250","923","529","70.1","56.9","25"
"02069900","Bommenahalli","0","233","1,103","1,028","1,027","64.0","62.5","309"
"02070000","Huskur","7","224","1,144","966","1,042","70.5","60.1","129"
"02070100","Nimbekaipura","0","139","671","923","1,000","72.7","58.7","254"
"02070200","Cheemasandra","17","453","1,839","799","898","78.2","63.2","92"
"02070300","Avalahalli","23","854","3,505","867","968","84.2","58.7","175"
"02070400","Veerenahalli","9","303","1,371","936","977","68.3","63.7","190"
"02070500","Kurudusonnenahalli","0","136","639","960","864","70.6","54.6","139"
"02070600","Dommasandra","0","62","292","947","667","77.8","55.3","89"
"02070700","Doddabanahalli","23","200","888","996","981","73.9","52.6","142"
"02070800","Bidare Agrahara","4","224","1,004","984","1,095","66.7","61.7","39"
"02070900","Bandapura","0","99","440","1,000","1,611","77.4","62.3","6"
"02071000","Konadasapura","23","587","2,349","853","939","74.9","59.3","429"
"02071100","Katamnallur","11","262","1,192","916","838","87.0","59.6","57"
"02071200","Goravigere","1","169","872","908","925","73.4","59.7","124"
"02071300","Khaji Sonnenahalli","6","290","1,390","902","901","78.2","58.8","146"
"02071400","Kannamangala","13","559","2,580","897","859","77.7","62.6","124"
"02071500","Chikkabanahalli","0","103","502","953","1,722","79.0","54.9","39"
"02071600","Kumbena Agrahara","2","99","467","1,030","839","66.3","61.3","60"
"02071700","Kadugodi Plantation","1","689","3,080","858","1,015","78.5","54.2","1,109"
"02071800","Belathur","32","1,197","5,096","878","905","72.7","57.5","427"
"02071900","Seegehalli","4","391","1,838","909","932","75.6","66.3","254"
"02072000","Rachenahalli","11","650","3,315","998","1,081","67.8","55.4","428"
"02072100","Nagareshwara  - Nagenahalli","0","67","370","968","1,034","70.1","64.9","17"
"02072200","Kothnur","7","363","1,631","868","767","76.0","50.7","276"
"02072300","Kothnur Narayanapura","1","288","1,373","863","670","73.6","54.5","26"
"02072400","Thanisandra","16","1,313","7,557","1,025","965","72.6","51.3","761"
"02072500","Geddalahalli","4","310","1,485","811","1,143","75.0","54.5","30"
"02072600","Amani Byrathikhane","","Un-inhabited","","","","","",""
"02072700","Horamavu Agara","32","716","3,298","922","835","73.9","55.4","481"
"02072800","Horamavu","25","799","3,675","1,005","1,144","68.1","57.8","413"
"02072900","Kyalasanahalli","0","209","1,069","818","803","68.1","51.2","216"
"02073000","Kalkere","2","558","2,683","926","1,050","80.8","58.7","85"
"02073100","K.Channasandra","0","235","1,242","911","796","74.1","55.5","19"
"02073200","Nagondahalli","15","403","1,678","1,017","1,008","68.0","60.7","88"
"02073300","Bellandur","13","795","3,525","920","892","70.3","58.8","264"
"02073400","Kariyammana Agrahara","0","164","763","932","808","72.3","53.7","157"
"02073500","Kadabeesanahalli","0","154","813","1,007","902","75.4","59.0","272"
"02073600","Panathur","15","570","2,553","938","911","68.5","56.9","410"
"02073700","Devara Beesana Halli","3","407","1,700","895","797","70.3","55.3","299"
"02073800","Kaikondahalli","4","318","1,301","919","1,012","78.7","62.4","144"
"02073900","Ambalipura","0","142","602","649","720","74.4","58.6","9"
"02074000","Haralur","0","296","1,186","819","846","44.7","65.0","125"
"02074100","Kasavanahalli","1","270","1,194","904","1,253","71.3","57.4","266"
"02074200","Junnasandra","0","185","793","857","1,000","78.6","59.0","177"
"02074300","Halanayakanahalli","4","179","932","894","753","73.5","52.0","153"
"02074400","Chikkakannalli","0","5","15","500","0","64.3","80.0","2"
"02074500","Doddakannalli","8","624","2,873","949","881","77.0","56.8","409"
"02074600","Bhoganahalli","0","129","571","997","1,163","62.8","54.5","219"
"02074700","Bellandur Amanikere","","Un-inhabited","","","","","",""
"02074800","Thubarahalli","8","441","1,978","891","1,033","70.9","57.8","357"
"02074900","Siddapura","12","411","1,902","953","1,236","72.4","64.0","107"
"02075000","Ramagondanahalli","0","757","3,548","907","965","74.1","60.9","152"
"02075100","Khanekandaya","","Un-inhabited","","","","","",""
"02075200","Valepura","2","200","893","958","707","65.4","64.0","58"
"02075300","Sorahunise","18","811","3,659","970","936","68.5","56.5","466"
"02075400","Varthur","15","1,764","8,111","970","963","79.5","55.7","493"
"02075500","Balagere","0","320","1,604","896","911","64.8","56.1","458"
"02075600","Gunjur","23","860","4,090","920","996","72.9","60.3","491"
"02075700","Kachamaranahalli","0","148","716","899","1,000","67.2","57.8","109"
"02075800","Chikkabellandur","0","84","493","1,304","700","83.5","43.9","36"
"02075900","Mulluru","0","258","1,253","931","930","76.8","61.6","276"
"02076000","Hadosiddapura","0","70","351","950","1,103","58.6","60.0","99"
"02076100","Chikkanayakanahalli","0","62","309","994","778","67.9","61.9","62"
"02076200","Kodathi","2","284","1,353","874","1,250","76.4","48.8","304"
"02076300","Sulikunte","0","303","1,605","999","1,179","74.6","52.8","450"
"42005000","Byatarayanapura (CMC+OG) (Part)","43","2,535","12,016","924","901","75.1","56.5","668"
"42005000","Thanisandra (OG) (Part) - Ward No.32","23","1,401","6,914","928","958","74.1","55.6","293"
"42005000","Dasarahalli  (OG)  - Ward No.33","20","1,134","5,102","919","817","76.4","57.7","375"
"42007000","Kengeri (TMC)","181","9,824","42,455","939","938","83.6","56.4","2,626"
"42007000","Ward No.1","24","748","3,500","953","1,010","80.1","57.3","30"
"42007000","Ward No.2","0","122","541","982","939","75.9","53.5","219"
"42007000","Ward No.3","6","136","598","917","775","79.3","57.1","78"
"42007000","Ward No.4","26","394","1,645","1,049","1,150","70.5","58.5","216"
"42007000","Ward No.5","2","222","960","955","956","86.9","59.7","0"
"42007000","Ward No.6","0","275","1,347","930","1,292","80.6","63.2","3"
"42007000","Ward No.7","2","212","1,000","1,008","1,063","83.4","62.9","7"
"42007000","Ward No.8","0","236","1,081","861","798","70.8","59.0","80"
"42007000","Ward No.9","0","240","997","932","867","97.6","54.8","39"
"42007000","Ward No.10","13","610","2,614","1,000","1,091","90.8","54.5","83"
"42007000","Ward No.11","2","397","1,643","938","886","91.6","57.4","90"
"42007000","Ward No.12","28","1,410","5,383","885","867","92.6","55.9","269"
"42007000","Ward No.13","4","358","1,664","913","797","96.2","51.1","64"
"42007000","Ward No.14","11","535","2,326","966","1,054","77.2","56.8","223"
"42007000","Ward No.15","6","310","1,408","918","803","94.5","51.2","17"
"42007000","Ward No.16","3","183","785","882","966","91.1","55.6","15"
"42007000","Ward No.17","7","248","1,072","1,000","1,059","94.8","53.9","16"
"42007000","Ward No.18","0","205","879","827","700","92.7","53.2","57"
"42007000","Ward No.19","0","258","1,082","943","783","94.1","58.2","32"
"42007000","Ward No.20","4","320","1,451","945","1,023","81.1","56.8","250"
"42007000","Ward No.21","15","1,240","5,401","940","905","75.5","57.9","305"
"42007000","Ward No.22","14","660","2,852","940","934","69.3","55.2","366"
"42007000","Ward No.23","14","505","2,226","954","801","76.4","55.2","167"
"42008000","Pattanagere (CMC+OG) (Part)","23","2,321","9,314","905","875","76.4","60.6","991"
"42008000","Vasanthapura (OG) (Part)  - Ward No.32","1","284","1,079","893","971","77.8","63.9","46"
"42008000","Vaddarapalya (OG) - Ward No.33","0","175","718","973","769","69.3","56.6","155"
"42008000","Subramanyapura  (OG) - Ward No.34","20","1,190","4,817","890","916","73.9","62.1","721"
"42008000","Doddakallasandra (OG) (Part)  - Ward No.35","2","672","2,700","919","799","82.1","57.5","69"
"42009000","Bangalore (M Corp.+OG) (Part)","116","2,749","11,922","900","893","80.6","58.2","719"
"42009000","Chelakere  (OG) - Ward No.101","70","1,512","6,667","896","896","82.0","57.8","485"
"42009000","Horamavu (OG) (Part)  - Ward No.102","18","539","2,397","928","945","90.8","55.9","80"
"42009000","Arehalli  (OG) - Ward No.103","28","698","2,858","888","854","68.4","60.9","154"
"42010000","Krishnarajapura (CMC)","1,175","41,762","1,86,210","912","924","84.8","55.2","15,250"
"42010000","Ward No.1","60","730","3,289","895","864","89.5","53.9","147"
"42010000","Ward No.2","16","698","3,208","906","878","92.8","52.3","83"
"42010000","Ward No.3","62","916","4,116","909","927","74.8","56.2","371"
"42010000","Ward No.4","33","838","3,799","897","1,084","87.5","51.5","126"
"42010000","Ward No.5","39","633","2,842","993","931","90.8","55.3","161"
"42010000","Ward No.6","14","1,001","4,364","987","984","85.9","57.2","520"
"42010000","Ward No.7","30","1,015","4,482","952","956","91.5","54.6","332"
"42010000","Ward No.8","48","1,111","5,394","933","928","82.5","51.8","596"
"42010000","Ward No.9","56","1,759","7,743","947","998","89.5","53.3","508"
"42010000","Ward No.10","148","1,638","7,425","953","955","85.1","51.7","752"
"42010000","Ward No.11","30","944","4,128","924","805","82.3","55.8","568"
"42010000","Ward No.12","7","1,097","4,542","986","1,148","82.4","61.3","87"
"42010000","Ward No.13","4","728","3,401","904","971","75.3","51.8","294"
"42010000","Ward No.14","32","1,177","4,980","929","910","66.7","57.9","1,006"
"42010000","Ward No.15","60","1,169","5,156","925","922","77.7","54.7","587"
"42010000","Ward No.16","26","1,580","6,562","898","871","92.9","55.8","105"
"42010000","Ward No.17","69","2,235","9,725","907","869","77.3","54.3","290"
"42010000","Ward No.18","0","646","2,483","791","865","83.8","68.0","152"
"42010000","Ward No.19","60","1,129","5,319","783","1,055","87.1","48.8","182"
"42010000","Ward No.20","26","1,824","8,336","881","963","83.7","58.0","874"
"42010000","Ward No.21","72","2,253","9,282","868","837","88.6","56.4","242"
"42010000","Ward No.22","23","2,223","11,084","851","917","80.1","58.9","426"
"42010000","Ward No.23","23","1,277","5,506","863","1,043","89.1","59.8","183"
"42010000","Ward No.24","21","1,479","6,843","928","894","80.8","53.0","1,521"
"42010000","Ward No.25","14","389","1,481","872","1,057","95.8","53.2","74"
"42010000","Ward No.26","28","836","3,642","917","801","94.8","53.7","414"
"42010000","Ward No.27","30","565","2,380","904","899","95.0","57.0","261"
"42010000","Ward No.28","21","646","2,708","894","847","94.5","58.1","292"
"42010000","Ward No.29","22","1,892","8,603","942","942","82.3","54.7","657"
"42010000","Ward No.30","12","1,258","6,080","925","839","88.3","54.6","419"
"42010000","Ward No.31","20","2,254","10,302","951","946","79.6","55.1","1,106"
"42010000","Ward No.32","16","1,169","5,235","913","747","82.8","52.9","551"
"42010000","Ward No.33","1","1,232","5,332","927","971","90.5","52.9","465"
"42010000","Ward No.34","31","635","2,999","913","987","91.2","55.2","489"
"42010000","Ward No.35","21","786","3,439","981","1,000","93.5","55.8","409"
"42011000","Mahadevapura (CMC+OG)","810","36,945","1,54,223","865","944","81.9","58.5","14,116"
"42011000","Mahadevapura (CMC)","729","32,549","1,35,794","863","949","82.3","58.8","12,833"
"42011000","Ward No.1","36","1,521","5,842","829","998","79.4","63.7","251"
"42011000","Ward No.2","32","1,367","5,264","811","888","90.5","63.6","212"
"42011000","Ward No.3","23","1,161","4,368","844","839","84.7","62.6","376"
"42011000","Ward No.4","27","1,641","6,974","888","910","85.3","56.8","725"
"42011000","Ward No.5","4","875","3,524","869","1,010","93.5","58.2","195"
"42011000","Ward No.6","4","824","3,257","874","1,201","93.1","59.0","230"
"42011000","Ward No.7","12","839","3,736","909","816","87.0","54.0","904"
"42011000","Ward No.8","0","617","2,564","862","914","90.3","59.6","114"
"42011000","Ward No.9","3","764","3,451","955","1,051","82.7","53.4","535"
"42011000","Ward No.10","15","538","2,260","907","878","90.7","57.8","181"
"42011000","Ward No.11","27","633","2,565","929","1,149","87.6","56.7","208"
"42011000","Ward No.12","46","1,663","7,201","824","949","82.4","62.9","657"
"42011000","Ward No.13","85","1,321","5,198","902","1,000","64.0","64.1","849"
"42011000","Ward No.14","24","638","2,752","875","1,063","66.4","62.9","338"
"42011000","Ward No.15","9","703","3,043","797","956","73.3","62.6","383"
"42011000","Ward No.16","9","1,190","5,065","863","1,000","76.6","59.7","680"
"42011000","Ward No.17","2","718","2,879","816","788","92.5","51.0","59"
"42011000","Ward No.18","41","790","3,346","864","1,065","73.2","60.3","589"
"42011000","Ward No.19","9","1,401","6,541","803","1,005","85.8","46.7","330"
"42011000","Ward No.20","23","1,016","4,430","965","895","79.5","54.5","171"
"42011000","Ward No.21","57","1,683","6,938","846","938","80.5","63.4","643"
"42011000","Ward No.22","7","624","2,443","804","918","82.2","55.1","71"
"42011000","Ward No.23","15","1,335","5,767","731","799","82.4","57.6","538"
"42011000","Ward No.24","46","1,255","5,431","868","836","78.4","56.4","828"
"42011000","Ward No.25","8","1,039","4,282","918","944","87.4","61.3","266"
"42011000","Ward No.26","13","888","3,715","804","951","92.2","55.0","183"
"42011000","Ward No.27","47","1,081","4,541","948","1,126","71.7","59.5","710"
"42011000","Ward No.28","30","610","2,366","817","782","95.7","59.4","164"
"42011000","Ward No.29","46","1,844","7,737","905","944","79.8","58.7","564"
"42011000","Ward No.30","12","1,145","4,887","937","997","80.3","60.8","356"
"42011000","Ward No.31","17","825","3,427","906","988","78.1","61.1","523"
"42011000","Hagadur  (OG) - Ward No.32","37","2,910","12,562","940","925","79.9","57.4","859"
"42011000","Channasandra  (OG) - Ward No.33","44","1,486","5,867","769","865","78.8","54.8","424"
"42012000","Uttarahalli (CT)","150","2,539","10,467","914","900","77.0","61.3","672"
"42012000","Ward No.1","150","2,539","10,467","914","900","77.0","61.3","672"
"42013000","Bommanahalli (CMC+OG) (Part)","1,002","53,827","2,24,980","871","943","80.9","62.3","11,198"
"42013000","Bommanahalli (CMC)","971","48,479","2,01,652","865","950","81.0","62.7","9,752"
"42013000","Ward No.1","9","466","1,984","839","950","73.3","65.1","344"
"42013000","Ward No.2","72","2,100","8,717","911","933","84.2","60.7","288"
"42013000","Ward No.3","54","1,971","7,714","854","962","82.4","65.3","433"
"42013000","Ward No.4","19","1,172","4,983","844","818","79.0","61.7","268"
"42013000","Ward No.5","17","2,243","10,486","884","861","72.9","58.7","237"
"42013000","Ward No.6","24","1,527","6,382","919","869","74.1","63.3","505"
"42013000","Ward No.7","29","1,323","5,322","785","923","82.8","70.1","157"
"42013000","Ward No.8","14","1,755","6,904","920","979","77.9","63.8","448"
"42013000","Ward No.9","11","2,141","8,502","838","934","83.8","67.5","162"
"42013000","Ward No.10","17","2,131","8,323","867","1,000","86.3","68.1","205"
"42013000","Ward No.11","107","2,066","8,365","861","910","78.2","66.7","487"
"42013000","Ward No.12","18","1,326","6,095","905","1,014","79.2","65.4","188"
"42013000","Ward No.13","10","1,440","6,039","863","1,013","84.4","64.9","162"
"42013000","Ward No.14","7","1,516","6,426","839","929","86.8","65.0","84"
"42013000","Ward No.15","18","1,610","6,454","895","1,077","73.3","63.8","608"
"42013000","Ward No.16","26","1,294","5,546","924","1,011","71.3","64.3","436"
"42013000","Ward No.17","21","882","3,491","867","794","78.7","64.8","595"
"42013000","Ward No.18","9","1,712","6,520","847","1,045","83.6","67.3","422"
"42013000","Ward No.19","10","1,641","7,033","844","950","86.8","62.2","193"
"42013000","Ward No.20","42","1,473","6,008","841","965","74.8","65.0","553"
"42013000","Ward No.21","18","1,052","4,368","848","805","80.3","59.3","252"
"42013000","Ward No.22","64","1,746","7,292","914","992","78.8","58.4","657"
"42013000","Ward No.23","32","1,704","6,987","810","965","88.7","58.0","147"
"42013000","Ward No.24","2","556","2,495","965","959","74.8","58.9","334"
"42013000","Ward No.25","18","981","4,201","830","996","80.2","61.1","542"
"42013000","Ward No.26","18","1,142","4,522","825","956","78.4","64.1","136"
"42013000","Ward No.27","168","2,201","9,541","877","1,012","78.0","60.1","400"
"42013000","Ward No.28","23","2,320","10,057","835","934","86.5","55.5","164"
"42013000","Ward No.29","10","1,755","7,506","875","1,030","83.8","55.6","84"
"42013000","Ward No.30","58","1,768","7,423","863","965","87.6","63.2","96"
"42013000","Ward No.31","26","1,465","5,966","853","889","82.6","60.1","165"
"42013000","Begur (OG) (Part)  - Ward No.32","9","2,069","9,237","960","921","79.1","57.5","913"
"42013000","Chikkathoguru (OG) (Part)  - Ward No.33","0","127","575","873","787","72.3","55.7","47"
"42013000","Beratena Agrahara (OG) (Part)  - Ward No.34","0","84","340","868","1,000","64.2","68.7","21"
"42013000","Naganathapura (OG) (Part)  - Ward No.35","0","279","1,081","893","752","68.1","63.4","14"
"42013000","Parappana Agrahara (OG) (Part)  - Ward No.36","2","385","1,584","861","918","76.0","65.6","64"
"42013000","Kalenaagrahara  (OG) - Ward No.38","14","287","1,482","1,005","878","81.9","51.8","238"
"42013000","Chunchaghatta  (OG) - Ward No.39","6","2,117","9,029","902","864","83.5","60.8","149"
"42014000","Konanakunte (CT)","27","3,291","13,316","875","878","86.1","58.7","447"
"42014000","Ward No.1","27","3,291","13,316","875","878","86.1","58.7","447"
"42015000","Kothnur (CT)","335","4,941","20,874","895","972","76.5","60.0","1,221"
"42015000","Ward No.1","335","4,941","20,874","895","972","76.5","60.0","1,221"
"42016000","Gottikere (CT)","98","2,651","11,201","872","919","78.0","62.0","827"
"42016000","Ward No.1","98","2,651","11,201","872","919","78.0","62.0","827"
"0003","Anekal Taluk","2,570","67,450","2,99,428","883","945","70.4","61.9","40,510"
"","","2,361","53,445","2,41,160","897","951","68.2","61.0","37,438"
"","","209","14,005","58,268","828","922","79.7","65.2","3,072"
"02076400","Kannaikana Agrahara","60","528","2,030","979","969","60.9","61.9","391"
"02076500","Bilwaradahalli","1","324","1,342","882","791","56.8","66.2","177"
"02076600","Bhoothanahalli","185","393","1,773","915","848","53.4","58.9","509"
"02076700","Bannerughatta Kaval","","Un-inhabited","","","","","",""
"02076800","Byrappanahalli","33","107","472","866","722","72.2","60.1","25"
"02076900","Bannerughatta","7","930","3,958","889","791","74.8","57.0","541"
"02077000","Gollahalli","0","39","195","806","786","57.1","67.6","50"
"02077100","Kalkere","0","150","659","841","1,303","67.2","57.8","54"
"02077200","Vaderahalli","0","21","75","531","800","68.2","81.6","5"
"02077300","Laxmipura","0","303","1,456","879","828","57.8","59.0","276"
"02077400","Halesampigehalli","0","92","325","1,083","1,500","50.2","62.8","0"
"02077500","Mantapa","9","270","1,213","972","745","69.3","57.7","289"
"02077600","Jangal Palya","0","109","420","1,069","1,650","46.3","54.2","0"
"02077700","Begihalli","11","221","911","955","1,037","59.9","60.3","169"
"02077800","Nallasandra","0","128","614","931","636","74.2","55.0","140"
"02077900","Hullukasavanahalli","0","33","159","893","737","45.2","53.6","57"
"02078000","Sakalawara","0","165","725","954","667","61.9","61.7","168"
"02078100","Hullahalli","5","468","2,228","1,018","1,067","49.8","57.6","879"
"02078200","Bujangadasanakere","","Un-inhabited","","","","","",""
"02078300","Ramasandra","1","55","260","831","722","67.7","59.2","94"
"02078400","Amani Bidarakere","4","8","25","1,083","2,000","45.5","83.3","5"
"02078500","Harapanahalli","17","233","929","919","1,137","76.7","65.7","116"
"02078600","Bukkasagara","44","271","1,258","897","898","54.8","59.4","328"
"02078700","Kalbalu","46","194","815","983","1,149","61.6","61.1","148"
"02078800","Mahanthalingapura","113","500","2,317","923","856","38.5","61.4","514"
"02078900","Ragihalli","86","357","1,590","927","904","55.9","54.8","266"
"02079000","Shivanahalli","141","359","1,529","865","795","42.9","62.7","141"
"02079100","Kadajakkanahalli","96","132","669","901","841","65.0","50.3","49"
"02079200","Giddenahalli","0","76","318","939","905","59.0","45.7","118"
"02079300","J.Bingipura","0","10","19","3,750","0","57.9","100.0","0"
"02079400","Vaderamanchanahalli","8","189","717","687","647","77.4","68.9","57"
"02079500","Jigani","100","1,918","7,871","750","956","78.0","68.8","623"
"02079600","Koppa","17","232","1,100","923","1,059","74.7","67.7","230"
"02079700","Koppa Gate","23","153","672","982","907","52.2","56.3","202"
"02079800","S.Bingipura","8","276","1,246","911","844","49.0","58.7","303"
"02079900","Hulimangala","0","450","2,092","888","759","61.0","59.3","455"
"02080000","Maragondahalli","0","799","4,046","762","1,020","68.5","56.4","104"
"02080100","Thirupalya","10","802","2,817","673","972","80.1","76.0","280"
"02080200","Yarandahalli","18","588","2,025","731","966","78.7","68.3","269"
"02080300","Vabasandra","0","115","565","1,011","854","63.2","51.6","126"
"02080400","Nanjapura","0","88","442","1,046","759","61.6","61.6","91"
"02080500","Kyalasanahalli","0","249","1,151","961","967","63.1","53.3","242"
"02080600","Bande Nalla Sandra","0","129","645","914","929","70.6","50.7","146"
"02080700","Haragadde","11","842","3,493","832","947","69.5","65.8","658"
"02080800","Mada Patna","5","376","1,422","717","892","75.0","70.3","99"
"02080900","Konasandra","0","122","581","874","1,375","72.5","59.7","93"
"02081000","Bommandahalli","4","129","662","930","959","63.6","58.6","103"
"02081100","Nosenur Gollahalli","0","82","400","878","679","69.1","47.9","3"
"02081200","Nosenur","0","226","1,037","920","1,038","68.9","64.3","175"
"02081300","Dyavasandra","1","65","295","980","789","61.3","61.1","47"
"02081400","Seethanaikana Halli","0","85","520","1,008","839","68.5","58.7","183"
"02081500","Rajapura","0","143","730","921","1,143","80.6","58.4","123"
"02081600","Masthena Halli","1","123","683","1,063","1,528","61.0","62.2","38"
"02081700","Hinnakki","29","221","1,078","932","722","66.5","59.0","171"
"02081800","Hennagara Amanikere","","Un-inhabited","","","","","",""
"02081900","Hennagara","3","373","1,761","957","1,074","72.3","59.4","256"
"02082000","Hosahalli","0","130","638","849","973","72.2","61.4","214"
"02082100","Kachanaikanahalli","6","585","2,231","755","789","76.2","71.4","170"
"02082200","Ramakrishnapura","0","33","170","910","1,333","80.5","52.8","37"
"02082300","Kudlu","0","236","848","910","842","13.8","73.9","221"
"02082400","Choodasandra","4","145","672","982","1,000","53.7","57.2","179"
"02082500","Rayasandra","15","179","1,019","926","1,026","65.0","55.4","201"
"02082600","Sriramapura","","Un-inhabited","","","","","",""
"02082700","Gattahalli","0","112","634","870","1,135","66.1","52.2","0"
"02082800","Janatha Colony","10","146","755","916","893","49.8","54.6","300"
"02082900","Chikkanagamangala","0","128","653","991","714","73.3","52.1","142"
"02083000","Bhovi Palya (Shanthi Pur)","5","256","905","836","1,211","68.0","62.7","165"
"02083100","Gulimangala","6","103","480","905","1,250","67.9","56.3","117"
"02083200","Huskur","21","444","2,095","975","993","71.4","54.1","297"
"02083300","Avalahalli","0","88","497","934","641","67.0","45.1","206"
"02083400","Chokkasandra","0","86","395","872","727","72.3","57.3","85"
"02083500","Harohalli","0","86","390","921","1,313","70.3","55.7","66"
"02083600","Kaggalipura","0","72","318","916","850","61.2","63.3","38"
"02083700","Chintalmadivala","57","150","695","1,056","1,290","75.5","49.4","116"
"02083800","Gottamaranahalli","0","10","43","654","0","82.1","61.5","3"
"02083900","Singena Agrahara","0","192","979","1,006","1,088","71.5","58.6","292"
"02084000","Narayanaghatta","27","177","822","1,020","1,093","76.5","60.4","152"
"02084100","Muthanallur","14","408","1,784","996","1,190","73.8","64.3","230"
"02084200","Ali Bommasandra","0","132","575","990","1,172","68.0","67.1","130"
"02084300","Muthanallur Amanikere","","Un-inhabited","","","","","",""
"02084400","Samanahalli","3","129","549","954","1,219","66.5","61.6","110"
"02084500","Chikkathimmasandra","0","69","278","986","1,333","73.1","55.7","41"
"02084600","Gopasandra","0","126","552","1,044","1,000","65.8","63.0","107"
"02084700","Kommasandra","0","162","721","1,014","1,081","73.1","69.8","85"
"02084800","Dommasandra","23","1,998","9,165","938","1,016","76.2","60.5","393"
"02084900","Thigala Chowdadenahalli","11","260","1,220","943","1,063","72.8","57.0","147"
"02085000","Chikkavaderapura","0","16","63","703","556","53.1","67.6","18"
"02085100","Heggondahalli","0","67","318","988","1,071","71.5","61.9","45"
"02085200","Halasahalli Thippasandra","0","154","734","1,011","1,064","73.8","60.5","115"
"02085300","Chikkanekkundi","1","195","836","962","1,333","72.9","60.8","108"
"02085400","Nekkundi Dommasandra","0","139","586","973","1,000","67.8","61.3","114"
"02085500","Kathriguppe","0","143","613","1,010","1,684","67.4","60.3","113"
"02085600","Ramnaikanahalli","0","65","322","940","826","68.2","50.0","104"
"02085700","Chambenahalli","4","181","953","1,006","1,169","69.5","60.0","79"
"02085800","Yamare","0","234","1,223","1,002","1,127","73.0","54.0","328"
"02085900","Sompura","0","143","679","991","935","70.4","60.1","193"
"02086000","Kadagrahara","0","79","396","941","778","78.8","62.7","46"
"02086100","Chikkadunnasandra","5","7","20","538","400","30.8","53.8","6"
"02086200","B.Hosahalli","40","225","1,114","979","947","72.4","59.7","198"
"02086300","Bikkanahalli","0","181","874","934","945","64.5","60.2","197"
"02086400","Sollepura","0","126","588","928","849","74.9","51.1","118"
"02086500","Handenahalli","0","360","1,485","934","1,125","73.5","63.0","190"
"02086600","Kotiganahalli","0","54","254","1,065","800","65.2","52.0","68"
"02086700","Bilchikkanahalli","","Un-inhabited","","","","","",""
"02086800","S.Medihalli","0","118","584","993","907","67.3","57.0","68"
"02086900","Tyayakana Halli","0","160","722","915","904","69.5","66.3","225"
"02087000","Byalahalli","0","13","67","811","714","80.0","43.2","13"
"02087100","Adigarakallahalli","7","374","2,066","901","903","70.3","59.2","250"
"02087200","Billapura","1","193","848","828","845","71.5","61.2","141"
"02087300","Buragunte","0","83","361","973","593","72.6","59.6","24"
"02087400","Sarjapura","5","1,767","8,620","973","1,002","76.8","52.7","1,732"
"02087500","Ittangur","0","125","685","861","1,150","63.1","52.7","169"
"02087600","Volagerekallahalli","0","229","1,081","969","1,107","66.3","62.7","117"
"02087700","Chikkadasarahalli","0","88","412","1,081","1,500","69.6","67.2","76"
"02087800","Gonighattapura","0","141","689","946","1,000","61.5","54.8","196"
"02087900","Neriga","0","243","1,264","909","861","67.7","60.7","271"
"02088000","Janthagondanahalli","0","134","628","981","617","69.0","53.6","119"
"02088100","Nagen Agrahara","0","1","18","800","0","76.5","50.0","0"
"02088200","Seeganaikanahalli","0","13","70","1,258","1,750","64.4","61.3","12"
"02088300","Madappanahalli","0","70","377","821","1,080","53.8","69.1","35"
"02088400","Deshapande Guttahalli","4","11","45","957","1,333","26.3","65.2","16"
"02088500","Banahalli","0","20","109","879","1,000","64.9","62.1","0"
"02088600","Mugalur","0","264","1,239","909","976","66.9","60.4","44"
"02088700","Kugur","28","256","1,137","947","800","70.3","63.4","194"
"02088800","Kamanahalli","0","120","506","924","828","60.0","56.7","85"
"02088900","Kuthaganahalli","0","218","1,048","989","1,138","54.0","57.3","342"
"02089000","Doddathimmasandra","0","140","699","905","830","59.1","48.8","87"
"02089100","Thindlu","0","202","1,008","1,004","957","72.7","65.0","122"
"02089200","Mahal Chowdadenahalli","0","114","557","961","1,273","68.0","60.2","107"
"02089300","Gudighattanahalli","0","4","10","429","0","66.7","85.7","0"
"02089400","Panditana Agrahara","0","96","507","850","778","72.2","47.4","84"
"02089500","Mattanahalli","37","116","643","960","929","67.4","61.9","121"
"02089600","Gollahalli","5","427","1,638","570","763","93.9","71.2","83"
"02089700","Veerasandra","9","620","2,235","686","1,022","77.6","72.9","200"
"02089800","Kammasandra","7","620","2,549","895","972","83.9","58.6","334"
"02089900","Vaddara Palya","0","142","633","936","855","52.5","57.5","295"
"02090000","Andapura","0","34","155","409","1,400","64.3","93.6","5"
"02090100","Ramasagara","3","314","1,465","1,015","1,192","74.9","60.1","251"
"02090200","Heelalige","1","367","1,440","912","1,067","69.3","63.7","150"
"02090300","Chandapura","6","411","1,721","758","957","82.7","60.6","183"
"02090400","Chandrapura  -Chatrakane","18","551","2,194","813","760","86.1","58.7","120"
"02090500","Kittaganahalli","9","578","2,220","815","612","73.2","60.4","163"
"02090600","Banahalli","22","519","2,071","820","975","82.8","61.6","196"
"02090700","Iggalur","0","327","1,524","907","940","72.2","53.3","361"
"02090800","Thirumagondanahalli","2","284","1,240","914","978","58.2","61.0","207"
"02090900","Balagaranahalli","3","629","2,262","612","885","78.8","75.4","158"
"02091000","Neralur","5","532","2,115","754","1,052","79.7","67.2","148"
"02091100","Laxmi Sagara","1","121","627","889","1,103","74.1","63.6","79"
"02091200","Bendiganahalli","0","71","274","943","1,167","60.0","58.9","66"
"02091300","Adigondanahalli","0","275","1,219","985","956","69.4","65.6","166"
"02091400","Guddahatti","53","299","1,333","1,014","1,231","59.5","62.2","293"
"02091500","Yadavanahalli","33","480","2,031","893","920","75.7","63.2","148"
"02091600","Krishnasagara","6","26","98","1,042","2,750","33.7","60.4","26"
"02091700","Itchangur","1","402","1,754","653","721","67.6","69.3","411"
"02091800","Muthasandra","0","61","309","1,020","773","55.9","58.8","128"
"02091900","Kamblipura","0","135","594","916","977","66.3","64.2","72"
"02092000","Mayasandra","24","670","3,284","950","953","63.9","56.7","416"
"02092100","M.Medihalli","0","118","553","1,026","813","75.5","56.0","109"
"02092200","Halehalli","0","164","808","906","936","67.4","56.4","151"
"02092300","Kodlipura","0","152","659","1,015","739","61.0","63.6","112"
"02092400","Dasanapura","43","270","1,129","815","955","61.8","67.0","195"
"02092500","Bhaktipura","0","82","378","809","900","64.4","60.8","52"
"02092600","Arehalli","16","149","665","863","1,050","59.7","52.7","215"
"02092700","Manchanahalli","2","252","1,148","923","591","64.7","57.6","244"
"02092800","Giddenahalli","","Un-inhabited","","","","","",""
"02092900","Jigala","19","277","1,245","967","1,164","66.8","63.8","236"
"02093000","Arenur","0","124","612","937","1,074","63.1","65.5","100"
"02093100","Bidaraguppe","0","595","2,850","945","833","68.1","62.5","257"
"02093200","Chikkanahalli","0","54","280","972","1,118","64.8","66.2","27"
"02093300","Indlabele","9","190","890","956","1,130","58.8","61.3","141"
"02093400","Attibele","70","2,392","10,559","971","1,032","78.9","58.0","810"
"02093500","Ballur","43","936","3,580","718","940","66.0","72.0","348"
"02093600","Maranaikanahalli","7","153","761","847","652","61.5","61.7","163"
"02093700","Lingapura","166","130","746","1,055","1,600","63.8","63.9","58"
"02093800","Soppahalli","0","91","450","899","632","66.8","57.8","158"
"02093900","Kumbaranahalli","0","126","602","974","919","74.0","65.9","40"
"02094000","Suragajakkanahalli","0","187","912","928","836","67.7","57.3","107"
"02094100","Sonnanayakanapura","0","219","1,046","1,027","893","44.3","54.8","440"
"02094200","Adur","0","115","636","994","930","60.9","54.9","179"
"02094300","Thimmasandra","79","32","158","1,107","1,500","36.1","52.0","0"
"02094400","Chikkanahalli","23","56","285","1,036","1,471","41.6","62.1","12"
"02094500","Indlawadi","21","351","1,730","889","1,009","60.3","55.3","145"
"02094600","Bagganadoddi","67","95","474","866","1,000","42.3","52.8","98"
"02094700","Indlawadipura","17","113","569","916","975","48.4","54.9","140"
"02094800","Thammanaikanahalli","31","432","2,271","938","1,047","48.5","58.0","491"
"02094900","Chikka Hosahalli","0","232","1,187","930","797","63.9","57.4","153"
"02095000","Agasa Thimmanahalli","0","7","17","700","1,000","46.7","70.0","0"
"02095100","A Medihalli","8","108","498","811","938","63.1","60.0","128"
"02095200","Gowrenahalli","0","297","1,635","982","1,060","43.9","55.8","118"
"02095300","Honnakalasapura","0","78","364","811","800","67.7","60.2","36"
"02095400","Sidihosakote","0","271","1,471","891","1,010","68.2","55.4","266"
"02095500","Kempavaderahalli","0","47","201","914","846","66.7","62.9","44"
"02095600","Dodda Hagade","0","165","770","954","937","53.9","62.2","236"
"02095700","Kunmadivala","0","64","326","1,131","955","62.9","64.1","35"
"02095800","Byagadadenahalli","0","108","511","943","1,038","63.8","73.8","80"
"02095900","Marasur","2","395","1,709","931","938","70.0","65.0","300"
"02096000","Naganaikanahalli","0","175","925","964","1,140","62.6","59.7","248"
"02096100","Madivala","0","448","2,169","952","942","66.8","51.6","504"
"02096200","Bandapura","0","176","842","949","797","66.2","61.3","179"
"02096300","Marasur Agrahara","0","22","126","909","800","75.0","65.2","7"
"02096400","Thattanahalli","0","187","881","911","603","64.8","63.8","209"
"02096500","Avadadenahalli","0","90","513","1,012","906","70.4","60.4","127"
"02096600","Kammasandra Agrahara","0","90","408","1,020","905","60.1","69.8","109"
"02096700","Amani Doddakere","3","6","24","600","1,000","40.0","46.7","0"
"02096800","Hasaruvani","0","5","35","667","250","70.0","52.4","11"
"02096900","Anekal (Rural)","0","85","349","837","1,304","48.3","55.8","116"
"02097000","Chudenahalli","33","116","558","938","1,054","56.8","56.3","123"
"02097100","Sunavara","16","183","846","927","1,149","57.4","59.9","119"
"02097200","Patnagere Gollahalli","0","43","201","914","824","42.9","54.3","96"
"02097300","Bidarakadahalli","","Un-inhabited","","","","","",""
"02097400","Kalanaikanahalli","0","47","239","943","778","43.5","57.7","28"
"02097500","Solur","3","92","493","941","763","64.8","58.7","206"
"02097600","Menasiganahalli","0","157","810","938","889","51.6","62.0","130"
"02097700","Vanakanahalli","3","284","1,283","898","728","78.2","59.0","152"
"02097800","Singasandra","0","72","392","903","950","77.3","65.5","16"
"02097900","Telagarahalli","0","119","626","794","943","65.8","61.0","52"
"02098000","Hompalaghatta","6","99","536","949","967","71.3","62.2","143"
"02098100","Gudnahalli","0","137","657","1,022","1,136","61.1","60.3","140"
"02098200","Chikkanahatti","0","3","11","571","0","63.6","71.4","0"
"02098300","Geratiganabele","2","203","1,049","983","1,194","62.0","55.4","183"
"02098400","Submangala","3","128","676","899","982","54.5","63.5","71"
"02098500","Muthagatti","0","427","1,970","918","905","54.1","65.4","229"
"02098600","Kurubarahatti","0","1","4","333","0","75.0","100.0","0"
"02098700","Haldenahalli","10","233","1,031","983","1,085","62.0","65.0","66"
"02098800","Kaval Hosahalli","0","293","1,238","913","930","63.7","62.3","247"
"02098900","Chikka Hagade","0","117","650","923","1,382","65.2","68.0","145"
"02099000","Aravantigepura","0","60","281","861","938","55.6","56.3","100"
"02099100","Bestammanahalli","9","150","716","874","955","68.1","57.1","102"
"02099200","Karpur","0","252","1,172","915","859","66.3","68.1","148"
"02099300","Bidaragere","0","174","900","935","1,017","60.2","63.7","158"
"02099400","Rachamanahalli","0","189","939","928","903","56.9","60.4","309"
"02099500","Channena Agrahara","0","52","258","925","941","60.4","61.9","94"
"02099600","Samandur","11","433","2,206","987","873","63.6","57.7","268"
"42013000","Bommanahalli (CMC+OG) (Part)","13","1,292","5,201","829","933","78.8","67.5","544"
"42013000","Kudlu (OG) (Part)  - Ward No.37","13","1,292","5,201","829","933","78.8","67.5","544"
"42017000","Hebbagodi (CT)","43","3,565","12,296","661","850","88.8","73.0","532"
"42017000","Ward No.1","43","3,565","12,296","661","850","88.8","73.0","532"
"42018000","Bommasandra (CT)","24","2,021","7,614","713","940","82.3","71.7","382"
"42018000","Ward No.1","24","2,021","7,614","713","940","82.3","71.7","382"
"42019000","Anekal (TMC)","129","7,127","33,157","929","945","76.0","59.7","1,614"
"42019000","Ward No.1","0","154","746","974","1,000","80.2","65.1","1"
"42019000","Ward No.2","8","285","1,428","914","724","64.7","60.7","7"
"42019000","Ward No.3","2","235","1,038","898","757","70.6","62.5","13"
"42019000","Ward No.4","7","212","1,101","876","918","80.9","59.8","10"
"42019000","Ward No.5","3","508","2,296","931","1,038","77.7","61.1","76"
"42019000","Ward No.6","5","538","2,444","917","883","82.2","58.7","45"
"42019000","Ward No.7","21","544","2,396","878","1,007","80.5","58.5","35"
"42019000","Ward No.8","22","683","3,036","890","929","81.4","56.6","172"
"42019000","Ward No.9","7","493","2,225","943","915","77.9","53.3","167"
"42019000","Ward No.10","0","201","865","918","807","82.4","57.6","1"
"42019000","Ward No.11","3","228","1,118","882","889","82.7","62.1","5"
"42019000","Ward No.12","2","286","1,360","902","979","65.6","62.1","163"
"42019000","Ward No.13","0","265","1,149","931","972","80.1","64.7","0"
"42019000","Ward No.14","6","308","1,458","1,019","1,037","83.9","64.3","31"
"42019000","Ward No.15","0","277","1,289","1,011","911","84.1","60.5","4"
"42019000","Ward No.16","0","237","1,183","985","923","73.5","60.4","109"
"42019000","Ward No.17","0","271","1,373","1,037","1,048","63.1","54.2","347"
"42019000","Ward No.18","6","290","1,485","983","1,130","75.4","60.9","0"
"42019000","Ward No.19","0","256","1,325","851","965","80.5","57.4","4"
"42019000","Ward No.20","0","173","810","990","1,120","67.2","65.6","72"
"42019000","Ward No.21","1","169","754","894","750","63.5","62.6","105"
"42019000","Ward No.22","34","328","1,456","962","1,060","57.0","59.0","129"
"42019000","Ward No.23","2","186","822","885","889","69.7","62.4","118"
"","","","","","","","","",""
"ANNEXURE","","","","","","","","",""
"","","","","","","","","",""
"","Bangalore UA","31,954","12,78,333","57,01,446","908","941","87.7","57.6","3,32,365"
"","","","","","","","","",""
"42009000","(a) Bangalore (M Corp.+OG)","22,003","9,49,918","43,13,248","918","942","85.6","57.0","2,44,920"
"42009000","(i) Bangalore (M Corp.)","21,887","9,47,169","43,01,326","918","943","85.6","57.0","2,44,201"
"42009000","(ii) Chelakere  (OG)","70","1,512","6,667","896","896","82.0","57.8","485"
"42009000","(iii) Horamavu (OG) (Part)","18","539","2,397","928","945","90.8","55.9","80"
"42009000","(iv) Arehalli  (OG)","28","698","2,858","888","854","68.4","60.9","154"
"42001000","(b) Dasarahalli (CMC+OG)","2,170","74,704","2,93,359","844","950","82.6","63.1","13,520"
"42001000","(i)Dasarahalli (CMC)","1,971","67,758","2,64,940","841","948","82.8","63.4","11,254"
"42001000","(ii) Handrahalli (OG) (Part)","4","197","778","902","981","76.2","63.6","11"
"42001000","(iii) Kariobanahalli (OG) (Part)","4","1,310","5,070","869","953","71.2","66.9","626"
"42001000","(iv) Doddabidarakallu (OG) (Part)","34","761","3,177","889","1,066","84.3","61.7","211"
"42001000","(v) Chikkabidarakallu  (OG)","43","1,252","5,081","855","926","89.4","56.8","98"
"42001000","(vi) Srikantapura Anchepalya (OG)","14","791","3,285","884","884","82.3","59.6","171"
"42001000","(vii) Sidedahalli (OG) (Part)","2","83","323","889","1,450","81.0","56.1","1"
"42001000","(viii) Chikkasandra (OG) (Part)","25","911","3,779","877","1,004","81.8","55.4","214"
"42001000","(ix) Shettihalli (OG)","34","735","3,127","859","927","82.3","61.7","451"
"42001000","(x) Abbigere (OG) (Part)","39","906","3,799","897","1,000","78.5","59.4","483"
"42006000","(c) Herohalli (CT)","252","4,420","18,069","887","947","82.5","58.9","938"
"42008000","(d) Pattanagere (CMC+OG)","773","24,603","1,05,699","881","926","78.7","57.6","6,604"
"42008000","(i)Pattanagere (CMC)","750","22,282","96,385","879","931","78.9","57.3","5,613"
"42008000","(ii) Vasanthapura (OG) (Part)","1","284","1,079","893","971","77.8","63.9","46"
"42008000","(iii) Vaddarapalya (OG)","0","175","718","973","769","69.3","56.6","155"
"42008000","(iv) Subramanyapura  (OG)","20","1,190","4,817","890","916","73.9","62.1","721"
"42008000","(v) Doddakallasandra (OG) (Part)","2","672","2,700","919","799","82.1","57.5","69"
"42012000","(e) Uttarahalli (CT)","150","2,539","10,467","914","900","77.0","61.3","672"
"42013000","(f) Bommanahalli (CMC+OG)","1,015","55,119","2,30,181","870","943","80.8","62.4","11,742"
"42013000","(i) Bommanahalli (CMC)","971","48,479","2,01,652","865","950","81.0","62.7","9,752"
"42013000","(ii) Begur (OG) (Part)","9","2,069","9,237","960","921","79.1","57.5","913"
"42013000","(iii) Chikkathoguru (OG) (Part)","0","127","575","873","787","72.3","55.7","47"
"42013000","(iv) Beratena Agrahara (OG) (Part)","0","84","340","868","1,000","64.2","68.7","21"
"42013000","(v) Naganathapura (OG) (Part)","0","279","1,081","893","752","68.1","63.4","14"
"42013000","(vi) Parappana Agrahara (OG) (Part)","2","385","1,584","861","918","76.0","65.6","64"
"42013000","(ix) Kudlu (OG) (Part)","13","1,292","5,201","829","933","78.8","67.5","544"
"42013000","(vii) Kalenaagrahara  (OG)","14","287","1,482","1,005","878","81.9","51.8","238"
"42013000","(viii) Chunchaghatta  (OG)","6","2,117","9,029","902","864","83.5","60.8","149"
"42014000","(g) Konanakunte (CT)","27","3,291","13,316","875","878","86.1","58.7","447"
"42016000","(i) Gottikere (CT)","98","2,651","11,201","872","919","78.0","62.0","827"
"42015000","(h) Kothnur (CT)","335","4,941","20,874","895","972","76.5","60.0","1,221"
"42011000","(j) Mahadevapura (CMC+OG)","810","36,945","1,54,223","865","944","81.9","58.5","14,116"
"42011000","(i) Mahadevapura (CMC)","729","32,549","1,35,794","863","949","82.3","58.8","12,833"
"42011000","(ii) Hagadur  (OG)","37","2,910","12,562","940","925","79.9","57.4","859"
"42011000","(iii) Channasandra  (OG)","44","1,486","5,867","769","865","78.8","54.8","424"
"42010000","(k) Krishnarajapura (CMC)","1,175","41,762","1,86,210","912","924","84.8","55.2","15,250"
"42005000","(l) Byatarayanapura (CMC+OG)","2,005","44,230","2,00,530","903","943","81.8","56.3","13,381"
"42005000","(i) Byatarayanapura (CMC)","1,924","40,255","1,81,744","903","949","82.6","56.3","12,249"
"42005000","(iii) Dasarahalli  (OG)","20","1,134","5,102","919","817","76.4","57.7","375"
"42005000","(ii) Thanisandra (OG) (Part)","23","1,401","6,914","928","958","74.1","55.6","293"
"42005000","(iv) Chikkabettahalli  (OG)","22","877","4,020","872","843","78.9","51.4","143"
"42005000","(v) Doddabettahalli  (OG)","16","563","2,750","875","979","61.3","59.2","321"
"42002000","(m) Yelahanka (CMC+OG)","882","21,518","94,234","864","931","83.3","59.8","5,583"
"42002000","(i) Yelahanka (CMC)","878","21,032","90,827","889","935","82.9","59.2","5,543"
"42002000","(ii) Vaderapura (OG)","4","336","2,679","287","819","97.1","73.5","22"
"42002000","(iii) Suggatta  (OG)","0","150","728","876","667","78.9","64.4","18"
"42004000","(n) Hunasamaranahalli (CT)","78","1,868","7,380","803","771","85.9","57.4","518"
"42007000","(o) Kengeri (TMC)","181","9,824","42,455","939","938","83.6","56.4","2,626"